cgpa,internships,projects,backlogs,coding_score,comm_score,dsa_score,webdev_score,placed
6.87,2,2,0,55,61,86,71,1
9.85,1,1,0,49,51,10,75,1
8.06,0,1,0,86,61,56,32,1
5.23,1,1,0,49,79,60,46,0
5.61,0,0,2,74,46,59,22,0
5.92,2,2,2,63,78,34,29,0
9.14,0,1,0,65,59,41,69,1
9.08,1,2,1,56,55,24,77,1
6.55,0,2,0,58,80,62,46,0
7.81,1,1,0,52,64,26,76,1
9.54,0,1,1,45,57,73,63,1
5.93,2,1,1,54,75,49,51,0
9.09,2,0,0,34,58,48,43,1
6.62,1,2,0,59,39,33,40,1
8.05,1,0,0,56,69,54,36,0
6.21,1,2,0,45,85,83,83,1
5.45,1,1,0,61,57,23,59,0
5.87,1,1,2,53,51,47,68,0
9.09,1,1,0,64,76,30,34,1
9.49,2,2,0,64,77,58,36,1
8.26,0,2,0,80,52,74,65,1
7.84,0,1,0,75,61,79,67,1
7.88,0,1,0,40,72,50,70,1
9.64,0,4,3,51,76,75,51,1
5.85,1,3,0,44,67,56,37,0
8.7,1,2,0,76,55,61,62,1
7.56,1,2,0,77,74,48,71,1
5.47,1,0,0,27,70,46,59,0
9.11,0,0,0,47,75,40,61,1
7.66,1,2,0,60,71,75,46,1
7.19,0,0,3,69,77,30,51,0
6.25,1,2,0,66,89,28,91,1
6.78,1,0,0,67,76,36,56,0
7.37,0,1,0,87,84,52,49,1
7.52,2,2,0,63,55,56,51,1
7.88,0,2,0,72,66,63,56,1
5.98,0,0,0,65,55,50,49,0
5.12,1,1,0,77,86,62,68,0
6.41,0,2,1,59,66,80,47,0
9.65,2,1,1,52,68,55,74,1
6.6,2,1,0,65,63,56,68,1
7.24,0,1,0,73,75,41,57,1
7.21,2,1,0,67,56,38,62,1
8.5,0,2,0,80,57,41,82,1
8.89,1,1,2,59,49,54,52,1
5.59,0,2,0,68,66,26,42,0
6.12,2,0,3,64,65,56,44,0
7.62,1,2,0,81,92,52,75,1
6.39,0,1,0,46,67,61,91,0
9.07,1,1,2,73,87,69,55,1
5.23,0,1,1,29,85,52,80,0
6.37,0,3,1,87,69,48,29,0
9.77,1,1,0,32,84,61,44,1
8.86,1,3,0,78,67,34,53,1
8.78,1,2,0,79,38,31,21,1
6.74,1,2,0,77,69,54,72,1
7.3,3,1,0,36,75,62,41,1
6.73,2,1,0,51,57,38,47,1
5.6,0,1,0,95,65,41,61,0
9.6,0,1,1,46,73,44,35,1
8.09,0,1,0,70,69,100,78,1
7.24,1,1,0,56,64,33,46,1
5.6,2,2,0,59,87,56,42,0
8.73,0,0,0,85,45,16,74,0
8.03,0,0,0,48,57,43,42,1
9.48,0,1,0,67,63,59,62,1
5.85,1,3,0,29,73,41,68,0
7.13,1,1,0,32,76,32,62,1
7.66,0,1,0,78,56,71,37,1
7.98,0,1,0,63,66,64,86,1
5.7,1,1,0,67,58,60,95,0
9.39,0,2,0,47,31,76,42,1
6.16,2,1,0,64,76,25,78,1
8.97,1,1,1,51,71,33,43,1
5.17,1,2,1,78,57,49,40,0
5.75,0,2,0,84,80,22,63,0
5.91,2,2,0,71,64,60,37,0
8.06,0,3,2,92,73,59,65,1
7.88,1,1,0,42,63,56,77,1
7.0,0,1,1,75,30,50,69,0
8.69,0,1,0,55,60,10,57,1
6.81,1,2,0,41,72,39,55,0
7.51,1,0,0,63,62,43,48,1
7.36,1,0,1,84,30,13,35,0
5.78,0,3,2,34,53,32,89,0
5.78,1,2,0,47,54,56,55,0
8.26,0,0,0,72,71,47,78,1
6.02,0,3,0,29,91,30,43,0
7.95,0,2,0,22,90,59,56,1
5.7,2,1,1,53,85,98,70,0
5.7,1,4,0,50,53,58,40,0
7.77,1,2,0,89,88,34,67,1
7.09,0,1,0,69,54,58,44,1
6.95,0,1,0,70,38,96,52,0
8.66,0,0,0,49,66,100,56,1
8.85,0,0,0,95,64,23,50,1
9.0,1,1,0,46,61,53,69,1
7.71,2,2,1,83,80,45,69,1
6.11,3,3,0,67,68,60,35,1
5.17,1,1,2,80,63,45,73,0
5.19,1,1,0,63,57,80,41,0
6.58,1,2,0,75,69,28,68,1
9.35,0,3,0,50,86,100,51,1
9.92,1,1,0,44,76,48,43,1
6.48,0,0,0,59,68,86,40,0
9.75,1,0,0,100,55,78,87,1
6.15,0,1,0,48,82,83,47,0
5.77,1,1,0,100,79,38,60,0
6.33,0,3,2,65,70,68,94,0
7.04,0,1,0,44,64,68,38,1
9.26,0,1,0,51,80,68,91,1
9.39,1,2,1,67,75,65,73,1
8.09,1,1,1,56,67,79,43,1
9.09,1,1,0,74,42,55,59,1
8.17,1,2,0,64,88,53,63,1
9.66,0,3,0,56,58,47,61,1
6.73,1,0,1,49,70,86,56,0
7.23,0,4,0,37,62,67,75,1
5.41,1,2,0,71,63,91,38,0
6.37,3,1,1,47,54,56,53,1
9.32,0,4,0,66,71,66,66,1
8.13,0,0,2,82,72,34,57,0
8.43,0,1,0,62,54,71,46,1
7.28,0,0,0,100,57,75,38,0
8.9,0,1,0,59,47,85,73,1
5.05,0,1,0,55,63,51,44,0
7.84,1,2,0,85,78,56,46,1
9.35,1,2,0,62,79,51,81,1
7.63,1,0,0,48,57,48,65,0
6.68,0,2,0,100,63,36,71,0
9.87,1,1,0,55,39,62,69,1
7.13,0,1,4,31,95,52,90,0
9.5,0,1,0,86,85,42,65,1
9.55,0,1,3,65,60,21,57,0
7.23,1,1,0,53,48,29,78,0
5.65,2,1,0,22,68,49,80,0
8.09,1,1,0,54,96,62,65,1
9.34,0,0,0,60,54,52,39,1
6.58,1,0,0,76,70,74,10,0
8.33,0,0,0,43,74,60,46,1
9.34,0,2,1,62,70,100,56,1
7.85,0,3,0,40,75,33,87,1
5.53,1,4,0,58,69,61,65,0
8.69,2,1,0,78,73,69,69,1
9.09,0,1,0,40,43,86,42,1
7.24,0,1,0,63,54,76,85,1
6.9,2,1,0,34,40,75,100,1
8.82,1,2,2,55,70,51,67,1
7.43,0,1,0,63,85,73,29,1
6.36,0,0,0,42,73,91,62,1
7.84,0,4,0,64,85,57,50,1
8.01,1,3,0,68,45,77,52,1
6.77,0,2,0,54,83,41,63,0
7.26,1,1,0,53,71,79,87,1
6.16,0,2,0,45,89,88,48,0
9.96,0,0,0,30,73,32,45,1
5.35,1,0,1,64,41,61,73,0
6.62,0,2,5,72,94,49,89,0
7.81,2,1,0,63,43,52,41,1
6.74,1,2,2,50,43,56,72,0
7.6,1,0,1,62,62,69,75,1
6.52,0,1,0,61,75,38,29,0
8.0,1,3,0,61,63,73,52,1
9.03,1,1,0,38,59,34,81,1
8.2,1,0,1,59,77,82,68,1
7.51,0,0,0,69,65,18,46,0
7.2,0,2,0,87,83,50,84,1
9.97,0,2,4,49,58,47,45,0
8.46,0,1,5,67,82,73,31,0
7.13,0,3,0,50,47,79,52,1
8.85,0,1,0,50,70,25,61,1
6.21,3,2,2,42,64,15,95,0
5.49,0,1,0,56,90,27,28,0
8.93,2,4,1,80,48,23,50,1
5.19,2,1,0,73,69,81,86,1
7.59,0,2,0,55,66,59,49,1
5.36,0,4,0,35,50,79,46,0
5.93,0,0,0,45,78,67,81,0
6.03,0,2,1,68,97,42,74,0
8.01,1,2,1,44,70,66,54,1
6.86,0,1,0,56,60,61,72,0
9.08,2,2,2,75,52,79,55,1
8.88,1,1,0,67,55,44,68,1
9.2,1,1,0,25,66,91,69,1
8.18,1,1,0,56,52,43,68,1
8.67,1,1,0,65,86,26,38,1
6.53,2,4,0,91,59,59,74,1
7.06,1,0,0,80,56,58,42,1
8.21,0,2,0,97,83,75,68,1
9.13,0,0,0,80,55,73,70,1
7.2,0,1,0,58,63,85,69,0
9.67,1,1,0,53,68,77,52,1
7.86,1,1,0,62,38,61,55,1
7.15,2,2,0,56,85,32,57,1
8.64,0,1,0,49,72,35,63,1
8.28,2,0,0,42,51,62,54,1
6.36,1,1,1,59,53,10,73,0
9.5,0,2,3,72,66,52,47,1
8.65,3,1,0,65,44,64,57,1
6.75,0,1,0,71,58,75,100,1
9.3,1,0,0,45,66,33,10,1
9.73,1,2,0,91,49,40,59,1
9.03,0,0,1,48,53,45,40,0
7.6,0,3,1,53,72,61,57,0
5.14,0,1,2,56,100,60,44,0
6.9,1,4,0,27,68,62,82,1
8.99,0,3,0,68,52,42,76,1
9.53,0,4,0,50,57,60,71,1
7.2,1,0,1,60,86,53,66,0
8.34,1,1,1,38,61,55,53,1
8.6,2,0,0,66,60,58,81,1
6.57,0,2,0,58,31,45,75,0
8.56,1,0,0,52,51,87,52,1
8.1,0,2,0,60,67,62,43,1
8.43,0,1,1,70,57,72,33,0
7.56,0,1,0,78,45,69,70,1
6.3,2,2,0,57,50,77,55,1
6.9,3,0,0,56,71,46,71,1
8.77,1,0,3,43,81,44,72,0
5.56,1,1,0,26,60,22,72,0
8.72,0,3,1,77,90,52,54,1
5.17,1,4,1,46,65,61,78,0
5.47,2,2,1,63,80,10,70,0
7.17,1,2,1,97,48,79,89,1
6.19,1,0,0,99,62,57,67,0
7.53,1,0,0,52,31,50,20,1
8.05,0,1,0,54,53,61,82,1
6.47,2,1,0,44,69,57,19,0
7.47,1,4,0,47,42,18,29,0
8.57,1,1,1,62,55,40,64,1
7.28,0,0,0,57,66,50,46,0
8.34,1,1,0,63,76,62,69,1
9.51,0,1,0,59,61,52,24,1
5.22,0,2,0,75,84,64,73,0
8.36,0,1,1,85,61,60,62,0
7.15,0,2,0,88,76,35,84,1
7.15,0,3,0,83,85,43,54,1
6.56,1,2,0,94,58,54,37,1
7.53,2,1,0,58,59,49,86,1
9.5,0,4,0,64,78,24,31,1
7.71,0,2,0,71,72,18,48,1
5.97,0,1,0,61,72,74,25,0
7.22,1,1,0,79,94,30,66,1
5.2,0,1,0,64,91,47,63,0
6.38,2,3,0,66,64,77,57,1
6.88,0,1,1,64,30,100,53,0
9.9,0,2,1,70,66,51,55,1
7.2,1,3,0,57,80,100,61,1
5.1,0,2,0,46,71,35,33,0
6.39,0,4,0,50,77,65,70,1
8.77,1,2,1,66,81,54,42,1
7.04,0,0,0,61,62,55,68,1
5.38,1,2,0,31,53,39,41,0
9.65,0,3,0,32,63,56,58,1
6.79,1,0,1,20,67,91,80,0
8.41,0,2,1,64,85,31,59,0
6.36,0,1,0,50,67,38,78,1
7.56,0,1,0,44,81,49,44,1
9.21,0,2,1,75,62,62,56,1
8.44,0,1,0,69,52,58,59,1
9.75,1,1,0,71,83,52,49,1
7.5,0,1,0,34,43,79,52,0
6.06,1,1,1,72,48,23,72,0
8.26,1,1,0,87,53,58,55,1
6.84,0,0,0,73,57,50,40,0
7.02,1,2,0,69,64,95,61,1
8.87,1,1,3,72,73,47,47,1
6.47,1,1,0,77,44,68,70,1
6.99,0,0,0,58,40,51,87,1
9.79,2,2,5,69,65,50,46,1
5.98,0,2,1,39,68,64,78,0
8.37,0,1,2,55,37,61,69,0
5.74,0,2,0,31,67,95,58,0
6.37,1,1,0,49,63,50,35,1
5.25,1,4,1,52,73,23,66,0
7.97,0,2,4,69,56,55,68,0
8.79,0,1,0,72,45,35,66,1
8.86,0,0,0,71,61,67,35,1
6.61,1,2,0,52,64,96,53,1
6.44,0,3,5,35,40,59,60,0
7.89,0,2,0,24,78,30,71,1
9.59,0,1,0,63,62,24,93,1
7.58,1,1,0,56,78,52,85,1
6.02,1,1,0,53,71,55,70,0
9.05,1,1,0,72,82,19,63,1
5.19,0,2,0,72,30,40,39,0
6.15,0,2,3,72,47,68,66,0
6.51,0,2,1,51,47,84,27,0
5.39,1,2,0,67,86,68,30,0
8.57,1,0,0,20,67,76,75,1
9.6,1,2,1,75,55,43,38,1
9.89,2,2,0,71,66,10,56,1
8.93,1,1,0,32,59,72,68,1
9.84,0,1,0,55,69,59,82,1
5.66,2,1,0,72,59,76,69,1
8.12,1,2,2,61,55,34,38,0
8.11,0,2,0,50,39,32,80,1
6.87,2,2,0,38,72,85,49,1
6.39,0,1,4,60,53,50,41,0
8.52,0,1,0,45,55,20,55,1
8.28,2,2,0,50,60,88,82,1
6.34,0,4,0,81,80,23,74,1
7.99,2,3,0,69,70,62,34,1
8.4,0,0,0,54,40,52,66,0
5.94,1,4,0,59,62,59,51,0
7.17,0,1,0,60,63,86,81,1
8.57,0,1,1,45,54,36,43,1
7.29,1,2,0,67,71,26,61,1
8.71,1,1,0,72,61,76,100,1
6.84,2,2,1,98,53,71,39,1
7.21,1,3,0,50,77,47,57,1
7.51,0,1,2,64,59,89,39,0
5.8,0,0,0,74,70,66,75,0
6.45,0,1,0,21,72,75,49,0
6.54,2,4,0,61,31,50,42,1
7.52,0,3,0,63,67,47,86,1
5.8,1,1,0,52,60,74,74,0
5.81,0,0,0,54,71,39,52,0
7.6,1,1,0,35,56,75,95,1
7.14,1,2,0,60,45,75,53,1
7.66,0,2,0,43,58,35,69,1
9.48,0,1,0,59,53,95,75,1
6.27,0,2,0,66,70,53,80,1
8.96,0,1,1,58,80,51,45,1
9.51,0,0,1,75,31,42,61,1
9.02,0,4,0,40,54,29,31,1
6.85,0,2,0,71,47,50,57,0
8.86,1,0,1,85,71,70,69,1
5.7,1,2,0,52,57,60,66,0
8.79,1,2,1,93,81,53,36,1
6.35,0,1,0,53,43,55,74,0
5.38,1,1,1,79,73,73,38,0
9.7,1,1,0,70,50,64,33,1
8.31,1,2,1,42,86,45,56,1
5.17,2,1,0,61,61,68,52,0
6.63,2,4,1,51,74,40,60,1
9.99,0,2,1,41,61,54,55,1
7.83,0,2,0,84,74,76,94,1
9.32,1,2,5,53,88,38,85,0
7.98,2,3,0,33,67,77,67,1
7.97,0,1,0,40,87,94,58,1
8.24,0,1,0,38,70,47,90,1
9.19,0,0,1,87,77,63,66,1
7.68,0,1,0,30,73,58,71,0
6.77,0,0,0,63,53,32,69,0
9.43,0,2,0,65,66,78,55,1
6.68,0,4,1,56,53,51,30,0
5.5,0,0,3,29,58,42,76,0
6.16,0,1,0,51,67,66,47,0
6.71,2,1,0,25,62,82,63,1
7.9,1,0,0,58,38,53,43,1
9.11,0,1,0,69,89,77,70,1
6.57,1,2,4,54,77,54,32,0
7.46,0,2,0,55,80,44,22,0
5.63,0,4,0,94,89,99,55,1
7.76,0,2,0,36,69,36,45,1
9.13,0,3,3,40,68,79,48,1
5.44,1,2,1,69,50,41,45,0
6.25,0,0,1,69,83,42,66,0
6.76,0,1,2,48,54,53,74,0
8.8,0,1,0,50,85,47,64,1
6.02,0,1,0,60,78,41,58,1
7.76,0,2,0,59,58,43,63,1
6.41,0,1,1,85,55,61,49,0
8.39,1,3,0,61,84,40,71,1
5.15,2,2,2,72,43,31,78,0
9.74,2,2,0,75,87,42,53,1
6.31,0,2,2,51,47,33,63,0
7.23,1,1,0,81,76,64,85,1
9.09,1,0,0,71,48,20,30,1
9.48,2,1,0,45,55,44,38,1
9.15,0,2,0,58,37,70,28,1
5.82,0,1,2,82,52,65,61,0
7.83,1,3,0,68,72,58,41,1
5.59,3,1,0,87,74,56,54,1
5.52,0,2,0,58,71,46,55,0
8.46,0,1,0,68,41,76,49,1
7.39,0,1,1,40,55,53,42,0
9.2,0,1,1,52,82,17,51,0
5.59,2,2,0,59,57,32,52,0
9.86,1,2,0,42,61,67,60,1
5.38,0,2,0,67,71,23,82,0
5.53,0,1,0,50,68,30,50,0
9.14,0,1,0,62,80,55,29,1
9.79,0,3,2,64,75,29,88,1
7.66,1,1,0,54,69,58,80,1
7.16,0,3,0,58,83,15,60,1
6.63,0,1,0,87,54,81,36,0
9.73,0,2,0,89,81,40,64,1
5.91,1,1,0,20,83,48,51,0
8.79,2,0,0,78,89,45,46,1
9.17,3,0,0,49,63,56,48,1
5.14,1,0,1,58,64,20,84,0
7.72,0,2,0,55,76,42,59,1
9.16,1,1,0,58,51,71,51,1
6.06,1,0,0,25,54,68,15,0
7.86,1,2,0,51,54,31,26,1
5.28,0,1,0,69,47,65,52,0
6.49,0,1,0,77,72,74,67,1
5.78,1,1,0,53,61,67,78,0
9.33,0,1,0,32,36,69,24,1
6.01,2,2,1,86,69,68,44,1
9.33,0,0,3,76,71,78,36,1
8.02,1,2,0,76,53,69,39,1
8.13,1,1,0,65,50,38,80,1
9.64,0,1,0,56,60,56,53,1
7.74,0,1,0,63,79,55,100,1
5.45,1,1,2,40,60,35,76,0
8.49,2,2,0,66,67,37,45,1
8.17,1,0,0,80,46,15,70,1
5.47,1,3,0,56,51,72,70,0
5.0,1,1,0,60,60,67,100,0
7.74,0,2,0,54,61,42,52,1
9.94,0,1,1,49,80,38,28,1
8.41,0,0,0,63,49,77,77,1
9.36,0,2,0,51,38,75,64,1
5.63,2,0,0,80,99,58,41,0
6.17,1,2,0,95,64,38,38,1
9.49,1,2,0,85,44,27,55,1
7.78,0,3,0,53,62,70,76,1
8.38,0,2,0,72,62,44,51,1
9.85,0,0,0,37,65,13,45,1
5.58,2,1,0,47,94,44,61,0
9.7,1,4,0,100,56,19,84,1
5.63,0,1,0,98,82,59,76,0
9.02,1,0,0,56,77,39,50,1
7.16,1,0,2,69,87,100,50,0
8.92,0,3,0,70,52,52,49,1
7.9,2,2,0,47,58,94,43,1
5.27,1,3,0,54,43,61,79,0
9.0,1,2,0,68,85,65,56,1
8.03,0,2,0,85,73,24,60,1
5.4,0,1,0,51,46,52,47,0
7.42,0,2,0,46,65,57,44,1
9.39,1,4,0,63,44,46,60,1
9.21,0,0,0,30,66,61,60,1
6.91,1,0,0,80,85,48,11,1
5.12,0,1,0,61,72,36,78,0
6.18,0,1,1,69,94,71,57,0
6.4,0,2,5,69,59,45,68,0
7.05,3,1,1,81,51,89,26,1
9.02,2,0,0,55,48,10,77,1
9.98,0,2,0,49,47,51,95,1
6.79,1,2,0,100,44,27,64,1
5.13,0,2,0,75,48,82,63,0
8.05,0,0,0,92,42,18,60,1
7.48,0,2,0,71,66,52,34,1
8.13,1,1,0,59,65,73,61,1
9.05,0,2,2,37,69,38,46,1
6.53,1,2,0,46,68,25,59,1
7.0,1,0,0,79,74,100,31,1
8.4,2,4,0,71,59,49,66,1
5.69,2,1,0,74,53,39,77,0
6.05,3,2,2,78,54,70,76,0
6.97,0,2,0,35,70,15,58,0
8.23,1,1,0,45,55,57,59,1
8.76,2,2,0,57,71,45,54,1
5.55,0,1,1,53,75,43,65,0
9.73,1,1,0,62,98,47,44,1
9.31,0,4,0,81,76,71,50,1
8.53,1,2,0,58,66,56,55,1
9.25,0,1,1,35,68,56,90,1
7.3,1,2,0,81,80,72,52,1
5.56,0,3,0,61,67,27,72,0
9.71,0,2,0,67,65,26,34,1
7.6,0,3,0,39,65,59,47,1
7.08,0,2,0,68,81,31,16,1
8.76,1,1,0,59,65,50,69,1
6.02,0,1,0,47,72,61,61,0
5.6,1,1,0,86,77,52,49,0
6.71,0,2,0,64,64,61,57,0
6.24,1,4,1,65,56,26,48,0
6.69,1,0,0,45,53,19,66,0
6.88,2,3,0,46,60,33,38,1
5.82,1,0,0,63,84,66,50,0
9.27,0,1,1,48,51,37,31,1
7.72,0,2,0,60,35,68,72,1
5.78,1,0,0,50,63,52,65,0
5.9,0,3,0,52,69,54,61,0
6.71,1,1,0,65,77,30,38,0
6.78,0,2,1,42,60,42,45,0
8.21,1,2,0,51,73,83,55,1
5.55,2,1,0,53,62,27,68,0
5.4,0,1,0,40,64,64,54,0
9.83,0,2,0,62,79,27,60,1
9.58,0,1,1,66,62,67,85,1
5.25,0,1,0,65,67,18,41,0
7.22,0,1,2,87,70,44,77,0
9.24,0,2,2,85,75,63,64,1
5.26,0,2,0,46,84,32,66,0
7.73,0,1,0,33,63,53,67,1
9.49,1,2,0,41,62,70,36,1
7.75,0,2,0,75,76,56,64,1
8.24,0,3,0,78,56,22,85,1
9.27,0,3,0,69,71,49,34,1
8.53,1,2,0,71,36,63,73,1
9.77,1,3,0,49,70,61,23,1
8.0,0,1,0,61,66,29,64,1
8.12,1,1,0,64,33,66,48,1
5.42,0,2,0,67,39,66,54,0
7.51,0,2,0,22,60,87,64,1
5.43,3,1,0,58,41,39,55,0
9.19,0,1,0,42,67,53,47,1
6.31,0,0,0,90,92,30,37,1
6.83,0,2,3,88,77,72,32,0
7.41,1,1,0,75,64,73,97,1
6.72,2,2,0,58,70,40,61,1
9.66,1,0,0,50,86,61,73,1
8.12,0,1,0,63,69,31,76,1
8.78,0,1,0,58,61,31,56,0
6.05,0,1,1,90,36,81,53,0
5.43,1,3,0,56,67,58,65,0
9.69,0,1,0,70,56,52,59,1
6.41,0,4,0,81,57,76,54,1
9.74,0,1,1,88,42,87,51,1
5.29,0,1,0,39,39,57,46,0
5.76,1,2,0,46,89,50,58,0
8.31,0,1,3,61,30,60,66,0
8.99,2,1,0,66,63,44,62,1
7.4,0,1,0,55,69,59,80,1
9.86,1,1,0,52,76,49,53,1
8.9,0,1,0,68,62,28,56,1
7.3,1,4,0,65,57,38,47,1
5.11,1,0,0,36,94,51,74,0
7.38,0,3,1,79,41,10,68,0
9.79,0,2,0,47,41,39,60,1
7.2,1,1,0,55,56,70,24,0
5.03,1,3,0,54,65,48,28,0
8.67,3,1,0,20,77,54,79,1
6.14,1,2,0,83,55,47,37,1
7.16,1,1,1,26,78,43,70,0
7.52,0,0,0,20,73,56,66,0
5.7,1,3,0,44,86,53,42,0
9.34,0,4,2,46,46,17,47,1
8.44,0,2,0,57,57,27,38,1
6.6,0,1,3,36,33,60,58,0
8.41,1,2,0,51,67,85,68,1
9.21,0,2,0,52,59,43,37,1
7.72,0,1,0,52,44,35,70,1
6.95,3,4,1,39,51,85,58,1
9.22,0,2,0,62,59,54,56,1
8.47,1,1,1,51,38,73,77,0
6.13,1,2,2,68,55,21,67,0
6.67,1,3,0,65,99,15,56,1
7.52,0,1,0,67,75,59,52,0
8.84,0,2,1,93,79,89,13,1
8.19,0,1,0,40,67,74,69,1
5.52,0,3,0,42,63,72,64,0
8.13,0,0,0,49,58,41,32,0
8.05,1,2,0,43,79,27,79,0
6.32,0,3,0,79,79,64,77,1
5.64,1,4,2,50,63,76,49,0
7.3,0,1,0,63,74,60,22,1
9.86,0,1,0,80,83,35,74,1
5.63,1,0,0,27,31,59,47,0
6.22,0,2,1,65,41,50,79,0
7.73,0,2,0,51,57,77,63,1
5.25,1,2,0,79,39,69,83,0
8.71,1,1,0,75,71,57,64,1
5.53,1,2,0,72,79,67,66,0
8.2,0,4,0,38,69,38,67,1
7.47,2,1,0,60,89,30,70,1
8.42,1,2,0,20,47,35,33,1
6.26,2,1,1,65,53,54,66,0
8.38,0,1,0,56,51,46,64,1
8.22,0,0,0,84,46,94,65,1
8.14,0,0,0,63,79,65,42,1
9.9,3,2,0,56,67,57,59,1
8.15,0,1,0,66,73,52,56,1
9.56,1,2,0,86,43,60,52,1
8.26,0,2,0,74,56,72,35,0
9.58,1,2,0,50,52,49,49,1
6.89,0,1,4,38,92,43,72,0
5.28,0,2,2,82,64,90,49,0
5.87,0,2,0,69,32,54,60,0
7.16,1,2,1,91,42,31,90,1
5.47,0,3,0,72,52,56,21,0
9.8,2,3,0,49,71,31,98,1
5.04,0,2,0,44,76,62,80,0
6.18,1,2,0,70,59,43,93,1
6.02,1,1,5,23,30,71,60,0
7.26,1,2,0,57,44,60,54,1
9.76,1,2,0,54,50,59,43,1
8.89,0,1,0,63,71,66,10,1
9.92,1,1,0,68,49,71,40,1
8.37,1,3,0,38,53,72,78,1
6.19,0,1,0,58,68,74,67,1
5.8,1,2,0,33,79,80,46,0
7.0,2,1,1,77,64,42,68,0
9.25,0,4,0,62,47,92,75,1
9.8,0,0,0,73,66,75,67,1
7.71,0,1,0,60,94,53,86,1
8.24,0,3,0,45,65,27,70,1
9.09,3,1,0,50,70,94,94,1
7.09,2,3,0,55,58,44,63,1
6.78,1,1,0,74,50,60,76,1
7.14,0,2,1,60,50,67,58,0
6.97,1,1,0,81,64,48,79,1
7.46,1,1,1,22,62,49,50,0
6.53,0,1,0,59,62,97,91,1
7.24,2,1,0,55,41,40,69,1
5.11,0,2,0,35,69,47,65,0
6.76,1,1,2,57,62,38,57,0
9.72,3,1,2,29,69,75,81,1
6.33,1,0,0,70,74,16,59,0
6.42,0,2,0,56,51,58,68,0
7.33,0,0,1,49,72,10,100,0
9.73,1,1,0,47,71,49,62,1
6.24,0,1,0,63,64,57,48,1
9.18,1,1,0,51,57,72,27,1
5.58,3,0,1,47,79,74,82,0
9.69,1,1,0,52,72,59,50,1
9.6,1,0,2,45,46,43,55,1
5.62,0,1,1,52,70,27,31,0
8.99,1,1,0,64,52,44,81,1
9.56,1,1,0,67,80,72,64,1
9.6,0,1,0,70,86,63,48,1
5.43,0,1,0,59,61,97,74,0
9.18,0,0,1,60,83,74,32,1
9.64,0,1,0,37,76,75,50,1
9.13,1,2,0,65,44,51,77,1
7.26,0,1,2,74,59,48,72,0
8.62,0,2,0,87,63,34,20,1
6.84,1,2,0,96,69,36,40,0
8.62,1,2,0,63,100,13,70,1
5.97,2,1,0,65,91,22,58,0
5.84,0,1,0,73,45,75,66,0
5.37,0,4,0,50,65,70,60,0
7.7,0,3,0,58,53,51,29,1
7.91,0,1,0,68,79,65,54,1
6.05,0,2,1,72,100,98,45,0
8.71,0,2,0,87,57,54,25,1
7.2,2,2,1,66,60,30,37,1
9.7,0,1,1,37,58,16,35,0
8.81,1,4,0,38,61,67,30,1
9.71,2,1,1,91,95,20,61,1
8.61,0,2,0,59,72,56,45,1
9.98,0,1,2,68,46,45,56,1
6.33,1,3,0,46,66,75,67,1
9.84,1,3,0,61,49,59,40,1
8.11,0,1,0,57,72,88,47,1
6.49,0,1,3,54,50,41,68,0
7.37,0,0,1,62,66,63,73,1
8.91,1,2,0,70,58,46,47,1
8.96,0,0,5,78,58,73,60,0
5.05,0,1,0,58,79,30,65,0
9.84,0,1,0,62,100,51,37,1
7.61,1,0,1,44,86,35,48,0
5.77,0,2,0,36,37,52,58,0
9.41,0,2,2,45,44,74,61,0
8.7,0,2,0,48,64,66,47,1
6.51,0,3,0,49,59,60,55,0
7.67,1,1,1,41,65,57,38,0
6.54,2,2,0,44,74,55,16,1
5.57,0,1,0,52,71,67,75,0
8.5,0,0,0,99,70,68,53,1
5.43,0,2,1,77,64,43,29,0
9.48,1,3,0,52,77,44,45,1
6.26,0,0,0,30,95,80,43,0
8.78,0,2,0,53,51,42,71,1
5.66,2,2,0,83,100,31,70,0
6.55,1,0,0,70,33,68,38,0
7.81,1,2,0,49,78,86,66,1
6.51,0,2,2,96,73,70,40,0
9.29,0,0,0,46,50,49,80,1
5.45,0,0,3,56,85,35,49,0
9.72,0,1,2,79,68,58,57,1
5.37,3,1,0,27,73,79,54,0
10.0,0,1,0,50,52,48,71,1
9.35,1,1,0,77,51,60,57,1
6.78,0,1,0,71,70,58,78,0
6.52,0,1,0,48,60,41,58,0
6.1,0,1,1,51,88,30,37,0
5.26,0,2,0,53,57,51,91,0
9.88,2,1,1,49,55,36,88,1
5.45,1,3,2,52,49,33,64,0
9.57,0,0,0,36,32,41,60,1
9.66,2,2,0,79,42,64,53,1
5.36,2,4,0,25,69,31,50,0
9.79,1,0,0,76,58,28,52,1
8.84,0,2,0,53,35,43,36,1
7.55,0,3,2,56,30,25,50,0
5.19,1,1,0,72,55,53,79,0
9.89,0,1,0,52,48,59,71,1
9.67,0,1,0,52,66,89,38,1
8.19,0,0,0,24,60,54,86,1
9.06,2,2,0,87,70,47,48,1
5.1,1,1,0,71,33,78,76,0
7.66,0,4,0,47,59,46,76,1
7.35,0,2,0,81,31,86,50,1
8.86,0,1,0,51,77,33,12,1
5.16,2,1,0,92,77,49,70,0
5.19,0,2,1,37,42,40,46,0
9.03,0,1,0,53,73,50,46,1
7.75,1,4,1,57,100,33,51,1
6.42,1,2,0,50,75,88,16,1
8.92,0,2,0,56,74,53,31,1
7.64,2,1,0,63,61,62,53,1
9.72,1,2,1,64,50,54,48,1
5.91,0,1,0,60,52,60,35,0
7.78,1,1,1,48,30,78,85,1
5.43,0,3,0,53,51,78,63,0
6.18,2,0,0,62,71,51,56,1
6.22,2,1,0,56,76,56,33,0
9.02,0,2,0,78,66,44,12,1
6.39,0,3,0,95,58,53,35,0
9.33,1,2,0,46,77,58,63,1
6.1,0,2,1,54,73,56,81,0
6.57,1,2,0,86,79,51,59,1
7.29,0,1,0,55,78,47,62,1
9.96,1,1,0,51,43,68,70,1
9.61,1,1,0,81,96,80,10,1
9.06,1,0,1,42,59,34,58,0
5.92,0,1,0,56,86,44,44,0
5.74,1,2,0,52,53,52,69,1
7.21,0,1,0,100,56,62,73,1
9.1,2,0,0,75,70,62,50,1
9.57,0,3,0,48,66,22,51,1
8.35,0,2,0,51,46,10,53,1
9.82,1,0,0,53,75,59,51,1
7.85,0,0,0,60,43,19,64,0
9.21,1,0,0,37,64,10,54,1
5.65,0,1,1,50,77,55,67,0
6.81,0,4,0,46,94,23,100,0
5.34,0,1,0,65,45,64,51,0
7.59,0,1,0,75,45,68,58,1
8.47,0,1,0,30,30,60,60,1
5.21,0,1,0,66,75,93,18,0
7.4,0,1,0,79,86,59,42,1
5.39,1,1,0,57,52,91,68,0
5.47,3,1,0,58,65,58,82,1
5.31,0,3,0,72,91,20,36,0
8.35,3,1,0,33,33,69,48,1
7.72,0,1,0,43,74,36,86,1
7.35,0,0,0,82,83,48,25,1
6.05,0,3,0,46,51,61,41,1
5.67,1,1,0,30,70,38,63,0
7.19,0,2,1,34,57,52,27,0
9.57,0,1,0,68,80,23,77,1
5.19,2,1,0,97,64,15,45,0
7.2,0,1,0,69,63,80,65,1
6.99,0,2,1,52,72,65,93,0
5.63,0,2,2,28,52,68,60,0
9.98,0,0,0,49,77,69,45,1
6.85,1,2,0,82,41,79,98,1
6.3,0,0,0,82,65,74,70,0
7.02,0,1,0,62,65,40,72,0
8.52,2,1,0,99,56,28,54,1
7.64,1,2,0,66,56,74,58,1
5.28,1,0,0,39,67,60,36,0
9.58,1,2,0,95,70,86,47,1
5.37,0,2,0,76,46,61,35,0
6.6,1,1,0,39,55,36,48,0
6.99,0,1,0,79,62,31,62,0
7.57,1,3,0,64,70,100,53,1
9.92,1,0,0,50,67,54,50,1
7.19,0,1,0,34,66,72,27,1
5.74,0,2,1,74,79,49,94,0
5.19,1,2,0,35,52,82,76,0
6.71,1,2,1,91,100,85,66,1
5.37,0,3,0,53,100,58,53,0
6.56,0,2,0,53,73,68,60,0
7.07,1,1,0,35,85,85,63,1
9.2,0,1,0,46,63,52,71,1
7.77,2,0,0,57,51,56,71,1
5.71,0,2,0,72,68,67,38,0
8.02,0,2,0,100,52,65,44,1
8.31,0,2,0,32,58,38,73,0
9.46,0,2,0,87,53,78,84,1
6.89,0,2,0,41,77,31,35,1
6.71,1,3,0,51,64,54,70,1
9.62,0,2,0,53,43,80,73,1
9.68,0,1,0,73,71,51,41,1
7.58,0,3,2,25,78,28,26,0
7.26,2,3,0,44,66,47,34,1
9.38,0,1,0,43,87,58,76,1
5.34,0,2,0,59,84,76,38,0
6.48,0,1,0,50,59,25,76,0
5.97,0,1,0,100,93,31,86,0
5.22,0,1,0,50,73,22,41,0
5.75,1,2,0,81,64,53,91,0
9.42,1,1,0,51,84,75,57,1
7.69,0,0,0,46,70,50,41,0
8.56,0,0,2,71,58,62,66,1
9.11,1,2,0,49,59,100,63,1
7.38,0,2,2,53,48,61,40,0
9.66,0,4,0,49,67,56,75,1
9.16,0,0,1,46,59,100,44,1
6.37,0,1,1,38,65,57,61,0
8.55,0,1,0,54,43,68,69,1
8.96,1,2,0,43,47,48,47,1
7.28,2,0,0,48,69,57,72,1
8.78,0,2,0,56,83,30,68,1
8.86,0,2,0,59,79,63,66,1
6.15,0,2,0,85,66,81,33,1
5.55,1,0,0,52,78,46,90,0
8.54,0,3,0,57,62,55,59,1
6.99,0,1,0,97,77,54,51,1
7.25,1,1,0,76,81,44,70,1
7.93,0,1,0,53,58,61,45,1
9.75,1,0,1,56,81,62,59,1
9.53,0,1,0,82,70,29,65,1
8.71,1,1,0,31,55,36,72,1
7.65,0,2,0,36,78,69,45,1
9.85,0,2,0,67,63,18,63,1
8.52,1,1,2,55,73,59,28,0
5.52,2,2,0,45,87,82,49,0
5.63,0,1,0,51,62,42,90,0
9.08,1,1,0,35,78,70,41,1
5.47,0,1,0,52,56,55,71,0
9.37,0,1,0,32,49,31,75,1
5.33,0,1,2,87,48,43,51,0
6.53,0,1,1,60,60,57,15,0
6.57,0,2,1,54,76,13,71,0
7.95,1,1,0,67,84,57,41,1
8.96,1,1,0,28,51,32,69,1
9.57,1,3,3,79,61,80,66,1
5.92,1,0,1,83,41,34,81,0
5.35,1,1,0,20,70,48,56,0
9.88,2,1,0,56,82,65,58,1
5.35,0,2,1,87,83,41,72,0
6.07,0,1,0,43,38,10,79,0
5.15,1,1,0,67,73,54,78,0
8.48,0,1,0,57,66,88,53,1
9.02,0,2,0,59,75,84,54,1
7.77,0,1,3,73,73,54,48,0
9.15,0,3,0,49,49,60,25,1
5.79,1,0,0,78,30,48,85,0
8.09,0,1,0,86,55,18,81,1
6.13,1,1,0,68,50,46,69,0
9.88,0,2,0,45,68,68,75,1
7.25,2,4,0,62,75,10,91,1
5.02,0,1,0,66,64,41,21,0
5.24,1,2,1,64,47,38,44,0
5.65,0,0,4,46,59,62,34,0
9.31,2,1,0,60,63,23,47,1
8.27,0,1,0,79,68,60,51,1
5.58,1,1,2,66,50,64,55,0
9.81,2,1,1,75,30,40,41,1
5.86,2,2,0,83,84,57,56,0
8.6,1,0,0,48,56,48,62,1
9.69,0,4,5,37,68,40,26,0
6.4,3,1,0,55,71,65,38,1
8.44,0,1,2,58,76,51,79,0
5.78,0,1,0,86,60,76,83,0
5.09,1,2,0,45,58,53,76,0
7.93,1,2,0,66,30,45,79,1
5.48,2,0,0,29,41,45,61,0
8.86,1,1,1,74,69,100,39,1
9.5,0,1,0,32,53,68,50,1
8.39,0,1,0,76,53,49,64,1
7.35,2,2,0,76,71,54,57,1
8.7,1,1,0,98,69,88,46,1
5.77,0,1,0,73,45,50,75,0
9.97,0,1,2,81,65,56,53,1
9.31,0,2,0,30,54,65,67,1
8.03,1,2,0,42,51,10,88,1
5.46,1,1,0,34,58,18,79,0
7.69,0,1,1,24,42,54,48,0
7.79,1,1,0,59,48,37,50,1
7.67,0,0,1,66,47,73,26,0
5.43,0,1,0,37,77,55,52,0
9.81,1,1,0,39,53,55,26,1
7.52,0,2,1,77,46,73,54,0
7.63,1,3,0,79,52,44,34,1
8.62,0,1,0,45,56,37,73,1
6.93,3,1,0,63,52,25,90,1
5.27,1,1,0,64,52,42,44,0
9.79,2,1,0,59,42,73,58,1
9.02,1,0,0,50,54,62,28,1
9.74,0,4,0,47,82,76,34,1
7.36,0,2,0,72,69,45,88,1
5.68,1,0,0,45,77,59,57,0
9.21,0,2,0,55,60,77,52,1
8.27,1,2,0,26,78,47,70,1
6.65,0,1,0,88,55,68,58,1
7.52,1,3,0,80,68,64,51,1
8.66,2,2,0,51,64,51,93,1
6.07,0,2,0,84,65,61,76,1
8.48,0,2,0,71,61,62,42,1
9.62,0,0,0,37,56,26,95,1
6.6,1,2,0,40,81,49,49,0
9.9,0,0,0,74,38,69,53,1
8.78,1,2,0,75,96,63,63,1
5.42,0,1,1,96,40,43,58,0
9.14,0,2,0,58,68,42,48,1
8.05,1,0,1,31,51,10,43,0
9.65,0,3,1,30,73,16,71,1
8.22,2,2,1,62,39,49,57,1
8.31,1,2,0,32,74,52,43,1
6.64,1,2,0,73,83,71,95,1
8.48,0,3,1,32,73,43,38,1
6.48,1,1,3,60,77,45,88,0
6.7,0,2,0,30,74,41,53,1
6.27,0,0,1,61,60,67,51,0
6.53,1,1,0,26,51,36,83,0
7.27,1,0,1,44,75,46,42,0
6.28,0,0,0,70,66,81,59,0
5.2,0,2,2,52,72,41,46,0
9.26,1,1,0,30,61,44,58,1
9.43,1,1,0,84,53,68,71,1
6.02,0,1,0,46,82,49,39,0
6.13,1,1,0,94,63,76,58,1
5.43,2,1,0,48,80,41,65,0
5.72,1,1,0,60,75,13,96,0
7.38,1,4,2,97,58,50,73,0
7.08,1,2,2,74,52,20,60,0
7.76,1,1,0,35,90,89,59,1
6.78,0,1,0,56,100,54,37,1
5.63,2,2,0,74,62,80,69,1
9.8,1,3,0,43,50,68,50,1
5.38,0,1,0,65,85,54,56,0
5.57,1,2,0,72,92,53,69,0
7.38,2,0,0,78,74,71,61,1
5.32,0,0,0,75,66,58,42,0
6.33,2,3,0,55,78,51,88,1
9.64,0,2,0,95,64,79,38,1
8.52,0,3,0,35,61,51,56,1
6.24,0,2,0,48,57,45,64,0
7.53,1,2,1,59,63,40,49,1
6.55,1,2,0,43,83,62,25,1
5.4,0,3,0,72,87,47,79,0
7.56,1,1,0,64,69,54,26,1
7.53,1,0,0,46,72,29,43,1
8.54,0,2,0,50,82,81,73,1
9.42,1,1,0,48,48,66,74,1
7.21,1,1,0,63,65,47,23,1
7.71,1,2,0,66,78,71,51,1
5.39,1,2,0,67,77,80,59,0
5.97,0,1,0,70,73,83,65,0
5.25,2,0,0,46,89,47,70,1
6.5,1,1,0,55,39,67,59,0
6.18,1,1,0,59,61,46,57,0
6.47,1,1,0,34,57,26,60,0
5.79,1,2,0,46,64,24,69,0
7.59,2,1,0,70,63,40,74,1
7.16,1,2,0,40,80,33,39,1
6.15,0,2,0,55,59,45,16,1
9.85,1,1,0,98,52,48,51,1
6.28,0,3,0,83,48,82,56,0
9.63,2,1,0,94,59,50,63,1
9.08,3,3,0,74,42,55,17,1
6.74,0,2,0,20,62,89,60,0
9.65,0,1,0,32,76,58,36,1
5.38,1,2,0,92,61,10,70,0
8.05,2,2,0,77,63,51,68,1
7.09,0,2,1,61,58,44,38,0
7.35,0,0,0,59,57,82,81,0
5.53,1,2,0,66,93,24,37,0
9.45,0,2,0,57,57,80,41,1
5.25,0,1,0,53,46,78,47,0
5.64,1,1,0,59,30,30,44,0
5.1,1,1,0,81,75,54,82,0
8.69,1,1,2,67,77,57,62,1
7.21,0,1,0,31,49,74,62,1
6.93,0,2,0,37,79,54,51,1
7.42,1,1,0,87,48,58,84,1
6.0,0,1,0,61,41,67,59,0
8.21,1,2,0,79,52,74,70,1
8.49,0,1,0,70,66,55,44,1
7.54,0,1,1,26,95,35,38,0
9.18,2,1,0,55,82,24,63,1
7.66,1,2,0,76,74,34,49,1
7.25,0,2,0,52,74,52,30,1
6.08,0,1,0,56,88,74,74,1
9.83,1,1,0,56,89,69,72,1
8.43,0,1,0,68,77,72,37,1
6.53,0,3,0,59,50,40,70,1
6.21,3,1,0,55,69,80,70,0
5.9,1,1,0,84,59,99,20,0
7.0,1,1,0,66,67,85,62,1
6.06,1,0,0,53,65,57,26,0
9.63,1,1,2,48,73,62,43,1
8.95,1,2,4,41,66,44,70,0
9.79,1,2,0,34,45,81,70,1
5.99,0,2,0,87,68,35,89,0
5.81,3,0,0,54,71,71,68,0
9.96,0,2,0,79,60,79,26,1
8.23,3,0,0,58,81,57,43,1
5.77,1,1,2,70,79,44,42,0
6.32,0,2,0,57,56,63,89,0
7.83,0,3,0,72,69,44,67,1
8.59,0,2,0,51,69,74,78,1
5.21,0,1,0,74,66,76,51,1
5.84,0,1,2,63,52,69,56,0
6.06,0,1,0,65,79,67,99,1
7.23,3,2,1,48,60,95,52,1
8.75,2,0,0,37,79,38,36,1
7.56,0,1,0,34,55,45,39,0
8.78,1,1,0,49,100,45,100,1
8.58,0,2,0,36,61,80,56,1
8.17,0,2,0,25,74,50,81,1
7.36,1,0,1,35,57,25,37,0
8.04,0,3,0,82,75,63,63,1
9.64,0,1,0,55,58,41,66,1
9.46,1,2,0,65,76,70,52,1
7.81,0,3,0,65,42,67,82,1
5.0,1,4,1,76,63,68,13,0
7.24,1,1,0,34,71,63,41,1
8.76,1,3,2,69,82,37,46,1
5.28,3,2,0,59,97,56,51,0
7.08,1,1,0,52,49,60,63,1
7.95,1,1,0,61,69,35,71,1
7.56,0,1,0,43,64,39,61,0
5.1,0,3,0,81,64,87,74,0
6.16,1,1,0,75,93,45,58,1
9.62,0,2,1,61,87,48,76,1
6.2,0,0,1,34,58,61,54,0
7.77,1,1,0,27,50,10,55,0
5.7,1,1,0,94,48,73,78,0
6.94,0,2,0,56,62,26,75,1
9.44,0,3,0,47,74,57,29,1
6.53,0,1,0,50,71,56,52,0
6.66,0,2,2,69,84,63,23,0
8.39,1,4,0,60,59,73,70,1
6.31,1,1,1,85,63,83,65,1
9.16,0,1,0,24,60,63,48,0
5.1,1,1,0,71,62,55,54,0
9.37,0,2,0,67,67,10,45,1
7.26,0,1,3,100,59,46,77,0
7.05,0,3,1,44,62,34,64,0
5.04,0,2,0,52,63,50,61,0
6.29,1,3,0,55,73,60,90,1
6.12,1,1,0,51,42,53,29,0
8.56,1,0,0,68,56,44,30,1
9.29,0,2,0,69,69,44,10,1
7.6,0,2,0,46,63,44,80,1
8.17,2,3,2,80,58,80,28,1
6.83,2,1,0,59,67,56,34,1
8.88,1,2,0,54,61,96,68,1
5.26,1,1,0,20,83,44,43,0
5.98,3,1,0,91,86,63,49,1
6.19,0,3,1,50,68,84,21,0
7.24,1,1,1,51,78,49,62,1
8.21,0,3,0,60,37,14,47,1
8.8,2,4,0,46,88,49,94,1
8.64,2,2,2,56,85,40,33,1
7.62,1,1,3,40,36,78,48,0
7.86,2,2,0,50,90,51,56,1
6.78,0,2,1,63,73,32,43,1
6.18,0,2,0,100,76,37,78,0
7.16,0,1,0,49,59,16,69,0
8.23,0,2,0,75,80,94,64,1
7.16,0,2,0,62,56,18,43,1
7.81,0,0,0,75,76,51,73,0
9.33,0,1,0,85,36,85,67,1
5.52,2,1,3,57,61,56,55,0
7.17,2,2,0,51,77,69,53,1
9.88,2,0,1,61,64,100,34,1
6.61,0,3,1,66,57,29,89,0
9.3,1,1,0,58,51,43,47,1
9.56,0,1,0,66,73,57,77,1
5.7,0,1,0,56,61,27,41,0
9.51,2,2,1,33,66,100,79,1
6.1,0,1,2,88,59,38,74,0
9.47,0,3,0,67,67,61,63,1
6.91,2,1,0,96,39,42,57,1
7.22,1,0,0,74,49,42,46,1
5.07,1,3,0,49,51,67,57,0
8.66,0,1,0,74,51,59,54,1
9.84,0,2,0,55,45,58,42,1
7.69,1,0,0,64,63,70,37,1
7.55,2,2,0,46,32,64,38,1
9.26,1,2,0,71,54,24,56,1
5.83,1,1,0,99,44,48,57,0
8.03,1,2,0,40,72,39,79,1
5.24,0,2,0,69,83,19,77,0
7.99,0,2,0,49,55,70,69,1
9.8,1,3,0,52,68,36,81,1
6.69,1,0,0,42,38,79,45,1
6.76,1,0,2,44,43,64,82,0
8.79,0,2,0,76,67,35,69,1
7.47,0,4,0,61,93,56,79,1
5.61,0,1,0,61,72,61,72,0
9.27,0,3,0,76,68,10,58,1
8.97,0,2,0,64,60,65,60,1
5.54,1,0,3,20,71,58,46,0
6.4,2,1,0,43,66,51,69,1
6.94,1,1,0,58,62,46,76,0
5.76,0,1,0,62,35,82,65,0
8.04,0,1,0,51,73,59,54,0
5.38,0,1,0,77,50,21,74,0
8.75,0,2,0,78,68,48,75,1
8.88,0,1,2,60,62,29,77,1
6.7,1,0,2,69,55,87,44,0
9.26,0,1,0,74,60,49,53,1
8.29,0,1,2,74,47,47,87,0
8.68,0,2,0,77,68,27,40,1
5.19,0,3,0,80,88,53,79,0
6.8,2,2,0,82,100,60,39,1
5.26,2,2,1,39,85,95,60,0
6.27,2,3,0,57,75,56,60,1
9.53,0,1,0,58,47,86,47,1
9.73,1,1,2,67,86,64,61,1
6.84,1,0,0,38,60,77,68,0
6.73,1,3,0,77,77,57,20,1
6.34,2,1,0,65,36,23,46,1
9.1,3,1,0,86,76,71,54,1
7.25,1,4,1,58,60,15,52,0
9.13,1,4,0,66,72,81,43,1
8.95,1,1,0,38,73,53,49,1
9.38,2,1,1,88,59,44,36,1
5.09,1,2,0,80,62,40,75,0
8.39,1,1,0,65,74,47,94,1
9.31,2,0,0,39,37,44,74,1
5.9,1,2,0,76,57,40,78,0
5.31,0,1,0,68,76,57,63,0
7.77,1,4,0,91,77,30,75,1
8.04,0,1,0,53,55,45,74,1
9.71,0,1,0,66,68,55,59,1
5.12,0,0,0,53,66,45,70,0
8.34,0,1,0,85,57,51,72,1
8.51,2,1,0,68,84,60,42,1
7.55,1,3,0,43,53,53,59,1
5.94,1,1,0,77,59,89,65,0
9.51,0,4,0,74,61,36,41,1
8.06,0,2,1,40,74,52,61,1
5.45,1,0,0,40,50,79,65,0
6.31,0,4,0,55,69,51,65,1
8.54,1,1,0,59,60,62,42,1
7.16,0,1,0,53,67,55,40,0
9.76,2,2,0,22,55,57,68,1
6.16,0,3,0,42,62,51,61,0
8.65,0,2,0,65,61,22,30,1
6.92,2,1,2,64,61,68,30,0
5.67,0,3,1,85,72,85,50,0
6.22,1,1,4,71,61,48,82,0
7.25,1,1,0,54,44,66,83,1
6.41,0,0,1,59,66,78,86,0
6.27,1,2,0,39,67,75,55,1
9.2,1,1,0,20,67,50,40,1
5.49,0,1,2,84,55,92,62,0
9.71,1,2,0,65,54,54,53,1
8.14,3,1,1,25,100,41,75,1
6.12,0,1,1,56,78,63,37,0
7.0,3,0,0,70,60,47,67,1
8.14,0,2,0,67,53,64,51,1
6.08,3,1,0,67,47,36,78,1
8.02,0,2,0,53,47,33,27,0
7.41,2,1,0,64,86,41,59,1
6.35,3,1,1,39,84,79,60,0
5.8,0,1,0,79,69,83,45,0
6.88,0,2,1,87,71,91,67,0
5.42,2,0,0,100,67,71,67,1
9.05,0,1,0,72,65,67,59,1
8.62,1,2,0,79,67,52,60,1
7.07,0,3,0,49,76,54,54,1
8.77,0,1,0,76,54,63,40,1
8.4,1,0,0,65,73,82,79,1
5.22,1,2,0,54,75,69,51,0
7.57,0,1,0,79,59,80,48,1
5.84,0,1,2,46,55,41,77,0
9.59,0,2,0,58,89,36,25,1
9.55,1,3,0,86,42,48,99,1
9.93,1,1,0,51,60,32,27,1
9.07,0,2,0,69,66,70,50,1
8.15,1,2,0,81,69,36,50,1
9.53,0,1,0,71,99,43,49,1
7.51,0,3,0,61,63,78,34,1
7.85,1,3,0,52,34,35,57,1
5.74,1,3,5,83,39,38,88,0
7.01,0,2,0,46,59,54,78,1
7.85,0,1,0,43,75,50,23,1
8.54,1,2,0,41,47,18,47,0
9.07,0,0,0,51,60,77,59,1
6.08,0,1,1,94,66,58,40,0
7.16,1,1,0,46,54,57,38,0
8.39,0,2,0,76,83,21,91,1
9.09,0,4,0,79,63,52,30,1
6.98,0,1,0,66,56,45,46,0
7.85,0,2,0,64,74,83,52,1
6.45,0,3,0,58,56,67,70,0
7.67,0,2,1,60,62,61,71,0
5.32,2,2,0,66,88,56,39,0
8.96,1,3,0,52,69,83,83,1
6.99,0,2,1,94,49,54,78,1
5.85,0,2,0,45,49,13,79,0
5.28,0,1,0,53,62,61,69,0
5.33,3,2,0,78,77,52,85,1
5.06,2,2,0,66,70,48,54,0
6.48,2,0,0,31,61,67,90,1
5.81,0,1,1,44,62,37,57,0
6.2,2,3,1,37,51,89,64,0
5.66,0,2,1,68,78,55,69,0
9.84,1,1,0,24,95,72,43,1
6.6,0,2,0,57,81,53,73,1
5.71,0,1,0,85,38,38,48,0
9.73,0,1,3,66,62,77,34,1
6.21,1,1,2,78,61,62,57,0
6.65,2,2,0,48,67,47,64,1
7.0,1,3,3,47,63,63,86,0
6.55,1,1,1,78,66,23,62,0
7.79,0,2,0,57,82,45,62,1
9.92,1,1,0,81,45,71,72,1
9.05,0,0,0,93,79,52,71,1
9.89,2,1,0,40,60,52,67,1
5.95,1,0,1,93,82,50,50,0
7.83,1,1,0,49,59,62,76,1
5.89,2,2,0,32,56,71,49,0
6.49,0,1,0,42,78,53,43,0
8.94,1,1,0,66,66,66,53,1
9.95,1,1,0,43,50,79,45,1
5.51,2,2,3,42,72,98,51,0
5.07,0,1,0,39,64,73,88,0
5.07,0,1,0,86,43,24,62,0
8.07,2,2,0,35,44,51,59,1
7.42,0,1,1,20,84,58,51,0
8.07,1,1,0,29,76,82,53,1
6.46,1,1,1,66,57,58,74,0
6.16,1,1,5,51,30,41,63,0
5.38,0,1,0,58,87,42,53,0
6.36,1,4,0,57,42,49,70,0
5.51,0,3,2,80,75,58,85,0
7.98,0,2,0,86,57,58,53,1
5.2,0,2,0,63,70,34,29,0
8.01,1,1,0,29,55,70,71,1
5.41,0,1,0,59,69,64,52,0
8.0,0,1,2,28,80,69,62,0
7.53,2,1,0,88,79,28,38,1
6.08,0,1,0,58,71,28,64,0
8.92,0,3,0,61,65,39,52,1
7.5,1,1,0,39,45,46,95,0
5.78,1,0,0,76,71,38,37,0
6.06,1,2,0,87,61,78,32,1
8.04,0,2,0,73,57,52,48,1
6.42,2,2,0,64,92,49,69,1
7.5,0,1,0,54,88,62,60,1
9.36,1,1,0,62,46,70,42,1
7.06,0,4,0,74,70,58,40,1
6.83,3,1,0,95,59,51,80,1
6.34,1,4,0,62,79,13,54,1
6.22,1,2,2,51,60,55,54,0
8.47,0,3,1,45,58,51,30,1
6.44,0,2,5,47,79,39,45,0
7.76,1,2,0,42,46,32,82,1
6.87,0,0,1,52,72,56,55,0
6.97,0,1,1,49,73,37,51,0
9.96,1,1,1,67,71,30,84,1
8.33,2,1,1,61,46,48,83,1
9.93,0,2,0,67,79,50,57,1
5.06,0,2,0,69,48,52,51,0
7.9,1,2,0,71,63,40,43,1
8.03,1,2,1,39,64,74,35,1
7.66,1,2,1,85,71,71,37,1
6.93,1,2,0,41,68,20,76,1
7.71,0,0,1,62,68,44,68,0
6.04,1,3,0,65,77,29,23,1
5.16,1,1,0,29,71,10,21,0
9.1,0,2,1,43,50,60,70,1
5.68,0,2,0,48,50,41,35,0
7.88,1,1,0,61,54,36,70,1
9.05,0,2,0,80,76,31,52,1
8.47,2,1,0,53,38,35,44,1
5.04,1,2,0,89,80,41,93,0
9.18,1,1,0,49,66,78,44,1
8.82,1,1,0,49,86,57,31,1
8.2,0,2,0,87,74,82,59,1
8.08,0,2,2,59,48,72,43,0
5.7,2,1,1,24,57,48,52,0
7.75,0,0,0,75,79,56,45,1
9.52,2,2,2,68,71,19,69,1
6.64,1,1,0,31,62,69,60,0
8.33,1,1,0,55,71,59,51,1
6.86,0,0,0,62,58,46,77,0
6.07,0,1,0,93,45,60,86,0
9.68,0,1,0,38,71,43,17,1
5.89,2,2,0,72,69,46,47,0
9.0,0,4,0,35,50,64,48,1
7.07,2,2,0,47,92,41,59,1
5.26,1,2,0,56,34,23,70,0
6.49,0,0,0,68,30,58,37,0
8.06,2,1,1,58,61,48,43,1
6.87,0,1,0,56,76,42,43,0
7.86,0,0,0,63,63,24,59,0
9.38,1,1,0,69,83,25,54,1
9.8,1,1,0,48,82,61,35,1
8.56,2,1,0,58,73,85,78,1
6.03,1,2,0,41,64,50,46,0
9.77,1,2,0,44,61,76,57,1
5.05,2,1,0,86,93,65,68,0
7.76,2,4,0,59,82,85,30,1
7.53,2,1,0,58,75,38,21,1
8.16,1,1,1,22,71,80,74,1
5.28,0,1,0,45,78,60,23,0
9.42,0,1,1,32,77,88,46,1
9.47,0,4,0,52,42,70,83,1
7.52,2,2,0,69,53,55,33,1
9.6,0,3,2,59,62,38,58,1
6.92,2,2,1,52,63,52,67,1
8.45,3,4,0,64,45,81,71,1
9.8,1,2,0,66,64,75,62,1
8.38,1,0,0,50,57,37,38,1
7.1,0,0,0,20,88,76,66,0
8.21,2,2,0,40,72,61,58,1
9.64,0,4,0,61,57,43,72,1
6.44,0,4,0,89,87,71,60,1
7.02,2,1,0,62,72,65,77,1
9.72,0,1,0,41,76,29,50,1
5.85,0,3,5,51,34,41,40,0
8.87,1,2,0,50,55,37,59,1
7.91,1,1,0,53,66,56,44,1
5.11,0,2,0,70,48,63,36,0
8.27,3,3,0,46,61,61,47,1
8.05,1,2,0,37,54,57,37,1
7.72,0,1,0,37,58,91,68,1
7.17,0,2,0,76,77,21,45,1
5.47,0,0,0,81,65,46,76,0
7.84,1,2,5,21,66,100,66,0
7.52,2,2,1,60,64,35,67,1
9.63,0,1,0,77,71,35,23,1
8.92,2,1,0,89,55,48,48,1
7.16,1,0,0,78,79,31,80,1
7.9,0,2,0,37,50,41,42,1
6.73,0,1,0,81,46,67,87,0
5.11,1,4,1,51,50,62,36,0
6.59,1,2,0,67,73,58,46,1
7.79,2,3,0,42,53,34,59,1
5.01,0,1,3,44,84,55,41,0
7.68,1,2,0,73,66,55,71,1
7.3,0,2,0,58,63,75,57,1
8.41,0,2,0,52,67,17,56,1
9.8,0,1,0,55,80,67,65,1
6.96,0,2,0,79,47,18,91,0
5.99,0,1,2,70,59,34,42,0
6.78,0,1,0,64,61,52,82,0
6.24,0,2,0,76,67,56,63,0
5.42,0,2,0,26,57,30,65,0
5.87,0,1,0,63,45,42,57,0
9.94,1,1,0,44,45,71,63,1
9.2,0,1,0,45,63,66,49,1
9.35,1,1,1,44,47,58,24,1
9.8,0,2,1,23,49,61,61,1
6.14,2,1,0,52,71,64,82,0
5.86,0,2,0,51,48,70,79,0
7.65,1,1,0,65,48,39,36,1
5.13,0,2,0,67,76,57,54,0
7.66,1,1,0,56,68,47,28,1
6.88,2,0,0,42,76,35,66,1
5.61,2,2,1,77,39,68,57,0
8.65,0,1,0,57,68,42,29,1
5.65,2,2,1,50,77,38,59,0
7.02,0,1,0,47,44,64,65,1
7.35,2,0,1,72,48,82,96,1
5.51,0,1,1,71,56,30,50,0
5.45,1,0,0,81,96,26,23,0
7.28,2,3,0,100,91,41,76,1
9.84,1,1,0,71,54,46,31,1
9.4,0,1,0,57,43,47,57,1
6.89,1,1,0,77,67,38,50,1
8.73,0,1,0,59,57,71,49,1
7.27,0,1,0,57,63,63,41,0
9.24,1,1,0,62,94,98,51,1
8.22,1,2,0,95,68,23,52,1
7.8,1,4,0,37,58,67,32,1
7.36,2,1,0,55,57,56,65,1
9.44,0,1,2,63,68,84,59,1
7.87,3,1,1,49,64,42,67,1
5.43,2,1,0,77,78,10,56,0
7.8,0,4,1,39,60,47,63,1
6.06,1,2,0,58,52,38,70,1
9.74,2,4,1,50,56,29,37,1
8.95,1,1,2,53,70,47,69,1
8.28,1,0,0,44,75,50,51,1
6.17,0,2,0,51,71,48,57,0
5.28,3,2,0,63,53,40,68,0
9.07,1,2,1,57,74,82,63,1
9.98,0,1,0,44,54,45,62,1
8.47,0,1,0,68,70,71,61,1
9.47,0,4,0,53,69,24,45,1
5.62,1,0,0,65,46,37,42,0
8.26,0,1,0,58,70,26,67,1
5.37,0,1,0,67,53,62,59,0
7.32,1,0,0,46,57,34,54,0
7.28,1,0,0,64,65,49,48,0
5.36,2,1,0,39,49,68,51,0
8.35,1,1,0,86,61,75,33,1
7.01,0,1,0,66,67,10,35,0
5.52,0,3,0,79,76,45,72,0
7.76,1,2,0,73,56,76,64,1
6.88,2,0,1,70,58,59,38,0
7.37,1,2,0,58,76,43,50,1
5.92,0,0,1,28,81,56,61,0
8.4,1,1,1,51,53,53,56,1
9.59,0,1,0,51,68,88,37,1
6.37,1,3,0,73,78,57,86,1
7.73,1,3,1,67,45,50,54,1
6.29,0,4,0,62,53,44,37,0
7.12,2,1,0,56,66,60,45,1
8.95,2,1,0,66,65,71,44,1
6.04,2,0,3,65,59,37,34,0
7.93,0,2,0,82,60,49,66,1
8.84,0,1,0,66,49,43,53,1
9.56,0,2,0,76,90,65,50,1
9.11,0,4,1,60,72,87,54,1
9.82,0,2,0,36,67,66,54,1
8.16,1,0,0,36,68,42,48,1
8.74,0,0,0,57,72,63,56,1
8.6,1,4,0,65,74,36,76,1
8.91,0,2,0,66,82,58,33,1
6.62,0,0,4,61,62,84,34,0
8.37,1,2,0,37,78,53,50,1
7.34,1,1,0,63,59,16,73,1
7.69,0,1,0,37,79,52,55,0
9.36,0,1,1,78,69,60,48,1
7.48,0,1,1,51,49,75,67,0
9.38,0,2,0,52,61,70,51,1
7.81,0,1,3,76,43,41,55,0
9.07,0,0,0,74,78,30,100,1
8.83,1,2,0,79,63,67,51,1
5.6,0,1,0,94,63,54,63,0
7.61,1,1,0,65,56,58,55,1
9.88,2,1,0,68,57,85,50,1
5.2,1,1,5,83,63,59,56,0
5.41,0,2,0,69,76,55,23,0
5.86,0,1,0,59,44,61,82,0
8.18,1,2,0,51,68,62,66,1
8.84,0,1,0,72,76,92,58,1
8.25,0,1,0,43,71,44,47,1
6.13,0,2,0,73,78,78,91,0
9.43,0,1,0,45,49,56,67,1
6.86,0,1,0,55,48,45,37,0
7.28,0,1,0,65,64,70,51,0
9.76,1,2,1,58,53,62,70,1
7.62,2,2,1,38,81,21,70,1
9.15,1,2,0,34,50,59,44,1
7.63,2,0,1,47,63,57,84,1
5.2,1,2,0,84,68,28,67,0
8.14,1,2,3,95,71,50,43,0
8.53,0,1,0,55,74,45,88,1
6.7,0,1,0,51,80,72,53,0
7.72,2,3,0,68,64,26,32,1
5.57,1,2,3,46,76,29,38,0
7.93,0,3,5,69,30,38,45,0
7.81,0,1,0,51,63,45,67,1
9.35,1,1,0,46,87,48,85,1
7.26,1,3,0,50,65,75,56,1
9.66,1,3,1,55,59,31,51,1
7.36,2,1,1,59,42,32,27,1
9.13,0,1,4,59,54,44,65,0
6.2,2,1,0,37,70,42,28,0
7.62,1,2,0,46,59,66,65,1
7.04,0,1,0,59,54,51,80,1
9.93,2,2,0,81,66,29,35,1
7.61,0,1,0,59,56,83,50,1
9.91,0,2,0,64,84,80,56,1
9.95,0,4,0,53,61,73,44,1
8.89,1,1,0,79,59,78,77,1
9.43,0,1,1,78,64,30,31,1
7.32,1,1,0,45,70,60,65,1
8.47,1,1,0,89,53,65,97,1
8.79,1,2,0,64,78,58,81,1
7.71,0,2,0,68,78,34,70,0
9.21,1,1,0,62,48,58,37,1
6.95,0,3,0,50,72,44,83,0
7.62,0,2,0,50,72,79,45,0
6.86,1,1,1,40,73,40,50,0
6.02,1,4,0,100,84,55,73,1
7.36,0,0,0,61,55,61,23,1
9.66,2,1,0,45,68,29,44,1
9.26,1,1,2,68,94,71,52,1
9.03,0,0,0,99,37,40,46,1
7.69,0,2,0,86,76,56,50,1
5.09,0,3,0,66,64,85,10,0
8.69,0,0,0,33,96,69,73,1
5.44,2,1,0,86,81,65,49,0
5.93,0,2,3,28,72,65,75,0
6.27,0,1,0,36,96,13,43,1
7.61,0,0,0,46,42,55,38,0
8.15,1,1,0,54,84,43,89,1
8.8,0,1,0,37,55,81,64,1
6.82,3,2,0,69,76,39,69,1
9.31,1,2,0,51,76,34,61,1
8.66,0,2,0,56,49,47,34,1
8.69,1,2,0,63,71,62,33,1
7.1,2,1,0,53,94,30,60,1
7.12,0,1,0,71,51,50,82,1
5.16,0,1,0,71,87,36,53,0
6.82,1,1,0,78,100,58,56,1
5.64,0,0,0,25,75,66,66,0
8.8,0,1,0,43,59,20,19,1
7.86,0,2,0,88,75,23,85,1
8.84,2,0,0,53,86,36,26,1
10.0,0,1,0,61,56,26,61,1
8.71,0,1,5,83,55,83,53,0
8.34,2,3,0,50,43,69,80,1
5.26,1,1,0,67,88,40,43,0
7.52,0,0,0,59,70,92,59,1
8.44,0,2,0,54,68,47,70,1
7.44,0,2,2,82,71,43,16,0
7.07,1,0,0,84,78,33,62,1
6.78,0,3,1,90,62,63,42,1
7.19,0,1,0,53,61,34,63,0
9.67,0,2,0,60,76,52,51,1
6.96,1,1,0,54,57,60,39,1
6.13,1,1,0,55,100,65,25,0
5.13,0,0,0,79,67,89,27,0
8.83,1,3,0,70,57,69,63,1
7.98,1,0,0,37,71,71,33,1
9.29,0,1,4,53,68,70,47,0
9.91,1,1,0,66,55,55,31,1
6.24,1,1,0,82,30,46,10,0
5.79,0,1,0,50,72,60,49,0
9.76,1,1,0,45,65,56,85,1
8.37,0,1,0,66,65,51,51,1
6.24,0,2,2,63,43,62,98,0
5.96,0,1,1,50,70,77,60,0
7.63,1,3,0,50,43,46,40,1
9.46,0,2,2,42,63,11,44,0
7.19,0,4,0,70,64,47,50,1
6.3,1,1,0,34,66,69,81,0
8.91,0,2,0,77,72,32,100,1
6.49,0,2,0,31,83,41,82,0
7.04,1,1,3,58,77,88,62,0
9.45,1,4,0,69,78,33,79,1
9.5,0,2,0,59,69,43,34,1
5.38,1,3,1,44,72,70,43,0
8.91,1,0,1,65,42,34,66,0
7.44,0,3,0,64,93,50,26,1
8.53,0,1,0,74,72,79,21,1
8.11,0,1,0,56,75,65,83,0
6.99,0,3,0,57,81,64,36,1
7.44,0,2,1,74,73,59,55,1
5.07,1,3,0,46,52,73,56,0
9.13,0,2,2,25,49,57,83,0
8.11,0,2,0,59,66,36,75,1
6.55,1,2,1,79,48,42,66,0
7.41,0,1,0,72,50,57,70,1
5.34,2,1,0,61,69,46,88,1
8.99,0,2,0,58,66,100,64,1
6.7,0,1,0,76,35,26,58,0
9.33,0,2,0,67,58,26,41,1
8.19,2,2,0,69,84,55,44,1
8.68,1,4,0,36,72,84,71,1
9.08,2,0,0,59,94,59,33,1
6.95,1,1,0,60,66,66,54,1
9.22,1,1,0,49,51,61,61,1
7.33,0,0,0,100,53,75,50,1
5.65,1,2,0,44,65,68,62,0
6.32,2,1,0,100,77,21,45,1
8.72,1,2,0,59,85,42,52,1
6.74,1,3,1,32,67,42,69,0
6.17,1,1,0,78,63,75,61,1
5.83,1,1,0,71,76,52,68,0
7.75,0,1,0,43,61,56,54,0
8.54,1,0,0,45,74,59,56,1
9.01,0,1,1,80,82,96,88,1
6.35,0,3,0,92,71,78,53,1
8.66,0,1,0,56,50,63,57,1
7.04,0,2,0,69,75,10,34,0
6.44,0,3,1,51,72,70,44,0
8.65,0,1,4,48,44,42,52,0
6.89,1,2,0,61,59,57,47,1
5.99,1,3,1,73,39,49,68,0
5.05,0,2,1,54,58,61,93,0
6.43,1,3,0,58,100,41,51,1
5.14,0,1,0,61,56,38,59,0
5.5,2,0,1,84,53,41,55,0
5.36,2,0,0,46,87,68,44,0
9.61,0,1,0,75,52,38,24,1
8.56,2,2,0,71,83,53,48,1
6.57,0,3,1,38,77,48,47,0
5.32,0,1,0,76,97,41,33,0
6.13,2,4,0,64,75,60,46,1
6.96,1,1,0,38,45,26,54,0
5.79,0,1,1,27,64,24,97,0
5.56,0,2,1,52,60,57,47,0
6.86,1,2,2,66,85,50,50,0
7.8,0,0,0,52,37,60,52,0
9.51,0,3,1,72,66,33,32,1
7.95,1,2,0,36,61,35,66,0
6.15,0,3,0,59,58,24,67,0
5.38,1,3,1,36,47,56,52,0
7.3,2,1,0,60,57,36,48,1
6.02,1,1,0,81,65,23,69,0
8.4,2,0,0,39,53,37,44,1
5.65,2,0,0,73,75,24,47,0
9.11,1,3,2,52,42,55,57,1
6.84,0,1,1,58,59,53,52,0
6.26,2,1,0,40,69,61,28,1
8.4,0,2,2,53,53,37,49,0
8.8,0,1,0,85,69,22,67,1
6.81,1,1,0,70,70,93,59,1
7.34,1,1,0,75,70,60,72,1
6.66,3,1,0,100,75,63,56,1
9.69,0,2,0,67,68,45,57,1
6.11,0,0,0,51,63,33,29,0
6.04,1,4,1,94,63,52,40,0
7.53,1,2,0,57,80,63,52,1
8.75,1,1,1,27,85,82,33,1
5.76,1,2,1,100,72,67,66,0
6.77,3,1,0,43,60,47,46,1
8.44,0,1,0,58,62,64,59,1
9.38,0,1,0,31,70,67,66,1
9.36,1,3,0,89,77,73,53,1
7.47,0,1,1,52,66,47,58,0
6.64,0,2,0,54,48,41,37,0
9.13,2,3,0,41,53,65,74,1
6.88,1,1,1,73,61,87,51,0
9.54,0,1,0,94,50,27,54,1
9.82,0,0,1,41,85,94,89,1
7.92,0,1,0,46,55,100,74,1
6.94,0,2,0,59,68,46,60,0
9.26,2,4,0,34,97,31,61,1
9.55,0,1,0,39,81,60,69,1
7.8,0,3,0,60,67,50,60,1
8.82,1,2,0,78,48,58,56,1
7.49,0,1,0,67,54,47,75,1
7.59,0,3,0,53,69,74,40,1
5.54,2,1,0,100,65,35,46,0
7.2,0,2,0,57,59,37,54,1
5.26,3,2,0,85,60,58,71,1
8.91,2,2,0,39,41,60,60,1
8.95,0,1,0,68,48,73,45,1
7.32,0,2,5,52,66,65,48,0
6.29,0,1,2,98,65,91,36,0
6.7,1,2,0,53,49,91,36,0
5.18,0,1,0,89,57,65,31,0
9.55,2,2,2,47,55,81,71,1
8.23,3,1,0,20,77,71,73,1
7.61,0,0,0,60,73,18,76,0
6.81,0,3,0,59,62,30,72,0
5.28,1,2,0,45,62,45,50,0
7.65,2,0,0,91,100,49,64,1
8.36,0,0,0,76,42,48,36,1
7.3,3,0,2,84,70,25,17,0
9.48,0,1,0,54,74,81,75,1
7.82,0,4,0,44,84,31,72,1
8.57,1,2,0,38,96,23,71,1
9.03,0,1,0,79,80,36,86,1
6.27,0,2,0,80,60,38,72,0
5.22,1,1,0,36,63,36,72,0
7.84,0,1,1,45,37,11,71,0
5.2,0,1,0,60,72,22,41,0
7.16,0,0,0,53,75,70,85,1
6.2,0,2,0,53,61,51,76,0
7.45,2,1,0,63,70,65,66,1
7.77,1,1,0,72,85,37,49,1
8.31,1,1,0,88,60,96,69,1
9.96,0,1,0,53,48,51,65,1
7.67,1,2,0,74,77,73,58,1
7.62,1,4,0,42,56,60,66,1
9.91,1,3,0,94,65,95,67,1
6.87,1,1,0,57,58,79,49,1
7.18,1,0,0,86,84,45,82,1
8.42,2,1,0,61,43,62,19,1
5.24,1,1,0,53,63,57,68,0
7.12,2,1,0,91,64,21,66,1
8.03,0,0,0,83,65,50,47,0
8.24,0,2,0,67,64,51,66,1
6.63,0,0,0,100,72,30,69,1
8.14,2,2,0,29,76,29,91,1
6.71,0,1,2,47,68,48,68,0
6.49,1,1,0,42,82,43,67,0
8.32,1,1,0,88,72,56,64,1
8.71,0,1,2,44,53,44,25,0
6.87,1,2,0,100,80,74,64,1
7.5,1,2,0,76,65,57,30,1
5.56,1,1,1,37,71,94,52,0
7.14,2,1,0,62,45,43,69,1
6.2,1,2,1,65,76,62,88,0
8.24,2,1,0,38,34,54,43,1
7.94,0,2,1,61,73,35,80,1
5.72,0,0,2,93,70,64,67,0
9.84,0,4,0,63,57,67,63,1
7.92,0,1,0,84,66,57,31,1
5.6,1,0,0,99,83,56,50,0
8.61,0,2,0,69,75,83,77,1
8.31,0,1,1,60,65,46,26,0
6.34,0,1,0,49,78,67,38,0
9.51,0,3,0,46,68,25,51,1
7.52,1,2,0,20,84,56,65,1
6.15,1,1,0,69,77,44,61,1
9.68,2,1,0,23,54,43,54,1
5.19,2,2,2,20,54,60,56,0
8.31,0,2,0,73,62,44,44,1
8.98,1,1,0,31,60,66,51,1
8.65,0,1,0,56,62,50,46,1
5.42,1,4,3,37,63,59,54,0
8.04,1,2,0,69,78,23,61,1
7.37,0,2,0,37,75,77,68,1
9.77,2,1,0,41,50,53,44,1
5.46,0,1,0,82,80,60,52,0
9.45,0,3,1,23,49,58,63,1
8.98,1,0,0,64,56,36,75,1
7.34,0,2,0,66,71,29,79,1
7.22,0,2,0,65,100,25,60,1
5.42,1,2,2,39,66,38,60,0
5.16,1,0,0,62,69,69,63,0
9.06,1,1,2,71,71,70,21,1
6.61,1,1,0,84,54,53,73,1
5.52,2,2,1,48,76,66,58,0
8.42,2,1,1,60,66,40,37,1
9.16,1,2,0,62,61,63,62,1
9.14,1,2,0,64,75,39,54,1
7.72,0,1,0,68,57,100,47,1
6.62,0,2,1,69,45,56,68,0
9.01,1,2,2,90,83,63,74,1
6.17,0,0,0,61,64,81,67,0
9.16,1,2,0,97,76,70,61,1
9.85,1,4,1,50,40,43,87,1
8.81,1,4,0,26,59,41,46,1
9.96,0,1,0,43,84,31,55,1
5.52,1,0,1,90,72,18,35,0
7.62,1,1,0,69,75,61,39,1
8.47,0,0,1,31,83,55,49,0
7.98,3,0,0,62,86,58,42,1
8.64,1,2,0,51,44,56,43,1
6.13,1,2,0,70,72,25,92,1
7.83,1,0,3,70,76,43,82,0
6.93,2,1,0,25,73,49,10,0
7.62,0,1,0,90,66,49,50,1
6.8,0,2,0,100,65,70,41,1
7.23,1,1,1,96,82,58,61,1
8.77,0,1,0,71,40,82,66,1
7.55,1,1,0,56,77,47,59,1
9.02,1,1,1,76,51,32,64,1
6.0,3,0,0,76,81,41,72,1
8.3,0,2,0,64,59,73,81,1
6.34,0,1,0,69,82,25,64,0
5.96,1,4,0,48,55,32,74,0
6.8,0,4,0,77,77,55,30,1
8.86,1,1,1,73,52,46,82,1
6.9,1,1,4,78,77,68,78,0
7.45,0,1,0,41,58,56,72,1
7.68,1,3,0,56,64,46,59,1
7.41,0,2,0,61,76,67,63,1
6.15,0,0,0,46,38,36,59,0
7.64,2,1,0,41,60,66,34,1
7.32,1,1,0,47,81,10,48,1
5.11,0,3,0,65,48,61,69,0
9.34,0,1,0,61,38,100,49,1
9.67,0,1,2,63,54,56,94,1
5.86,2,0,0,61,53,63,61,0
7.71,2,1,0,31,90,47,65,1
8.61,2,3,0,38,89,73,56,1
9.48,0,3,2,65,31,61,84,0
7.28,1,2,0,62,82,36,54,1
8.67,2,1,0,68,52,57,64,1
7.77,0,2,0,72,69,68,70,1
9.95,1,0,0,60,91,38,53,1
6.61,0,2,0,84,44,72,46,1
5.79,1,2,0,47,81,38,64,0
5.09,0,0,0,33,33,52,50,0
6.84,1,1,0,70,66,65,60,0
7.42,0,2,0,76,69,54,88,1
8.2,0,1,0,59,45,43,72,1
6.72,0,4,1,63,59,34,43,0
9.18,0,2,0,59,78,63,57,1
8.25,0,1,0,100,73,42,64,1
7.84,1,0,0,61,37,69,75,1
7.96,2,1,1,77,76,35,39,1
6.8,0,2,0,70,82,60,65,1
6.91,1,1,3,67,55,57,77,0
6.76,0,1,0,75,68,36,47,0
8.71,2,1,0,100,77,100,49,1
7.4,1,1,0,24,56,39,27,1
8.34,1,1,0,54,51,37,76,1
7.08,0,1,0,43,69,63,39,0
6.75,1,1,0,82,59,71,67,1
5.93,3,2,1,54,67,17,89,1
6.18,0,0,0,45,50,53,74,0
8.62,2,0,0,31,79,26,54,1
6.42,0,3,0,57,61,35,62,0
8.14,1,1,1,73,48,35,54,0
6.09,0,1,0,47,56,54,53,0
6.17,0,1,1,72,71,51,28,0
6.78,1,2,5,46,99,91,66,0
7.74,2,1,0,67,57,57,23,1
5.22,2,4,0,69,89,39,42,0
7.1,0,2,0,40,73,15,64,0
8.9,1,1,0,62,73,63,42,1
9.36,1,1,0,74,61,54,50,1
6.97,0,2,0,73,67,51,53,1
9.04,0,3,0,61,75,30,83,1
5.83,0,1,1,61,89,34,61,0
8.93,1,1,3,65,77,82,30,1
6.97,0,1,0,31,57,58,86,1
6.84,2,2,0,59,62,66,19,1
9.21,0,1,0,62,58,57,54,1
5.99,1,1,0,56,86,64,45,0
8.69,0,1,1,72,59,55,51,1
8.11,1,2,0,68,81,41,14,1
9.38,0,1,2,37,69,66,71,1
9.38,1,3,0,59,54,73,40,1
8.45,2,1,1,68,76,100,60,1
6.27,1,4,0,78,78,66,94,1
7.24,0,2,0,66,59,66,73,1
8.34,2,1,0,45,63,39,69,1
8.25,2,2,2,31,86,58,50,1
7.34,1,3,1,20,50,41,34,1
9.86,1,0,0,90,100,57,44,1
5.21,0,2,0,46,39,55,35,0
5.23,1,1,0,74,62,71,68,0
9.86,1,2,0,70,50,54,61,1
7.48,0,1,0,84,54,61,53,1
6.55,1,1,0,85,52,76,31,1
8.67,2,1,0,47,37,76,45,1
8.66,1,2,0,65,64,27,63,1
8.47,2,1,0,45,43,29,79,1
5.54,0,1,0,48,72,50,70,0
6.13,0,2,0,73,76,43,93,0
8.11,3,2,0,73,37,62,89,1
6.41,0,0,0,40,83,44,60,0
8.51,0,2,1,55,69,89,56,1
8.92,0,1,0,44,82,61,47,1
5.83,0,1,0,59,64,49,48,0
5.49,1,0,0,52,95,46,43,0
6.53,0,1,0,61,75,67,78,0
5.45,1,1,0,82,73,77,79,1
6.73,0,2,2,52,61,78,56,0
5.23,3,2,0,58,77,41,18,0
8.3,0,4,0,73,84,45,50,1
7.1,1,1,0,26,62,74,51,1
6.07,2,2,0,51,55,75,70,1
6.28,0,2,0,65,54,55,85,0
7.16,0,4,1,50,45,99,73,1
9.05,1,1,1,74,75,65,52,1
9.63,0,2,0,38,65,26,81,1
6.61,0,3,0,77,58,81,74,1
9.73,0,4,1,91,79,44,61,1
9.81,1,1,1,54,65,72,74,1
9.78,0,1,0,30,85,76,49,1
8.99,1,4,0,81,41,65,57,1
9.92,2,3,0,69,77,56,67,1
7.99,1,1,0,29,84,35,52,0
8.75,0,2,0,42,98,47,83,1
9.88,0,2,0,48,36,50,33,1
7.8,1,0,1,49,55,46,95,0
5.64,1,2,0,81,57,36,60,0
6.21,1,2,0,75,62,88,92,1
8.04,1,1,5,65,72,12,95,0
6.53,1,1,1,60,47,60,97,0
9.95,0,0,0,41,87,42,85,1
8.85,1,1,0,80,31,73,56,1
9.11,0,2,0,47,47,50,48,1
9.78,0,3,0,61,44,48,60,1
7.28,0,2,0,78,51,100,57,1
8.39,0,1,1,60,82,10,55,0
5.56,1,2,2,71,83,49,42,0
9.41,1,2,0,38,65,37,50,1
5.8,1,2,0,52,53,78,39,0
9.15,1,1,0,81,77,46,51,1
6.83,1,2,2,40,79,66,22,0
8.21,0,2,1,74,65,64,34,1
8.87,1,1,2,36,56,86,82,1
7.43,2,2,0,67,68,76,42,1
6.47,1,2,0,66,70,62,65,1
6.91,1,1,0,39,65,33,80,1
9.78,1,2,0,68,74,64,59,1
9.72,0,1,0,100,77,53,62,1
7.28,2,1,0,78,74,66,43,1
5.46,0,0,0,58,47,69,20,0
8.42,1,1,0,52,77,72,42,1
9.23,0,2,0,31,47,80,55,1
9.84,1,0,0,53,65,59,55,1
8.99,3,2,0,57,62,79,58,1
8.08,2,1,1,28,59,51,71,1
6.64,1,4,0,40,58,19,66,1
8.86,0,1,0,91,79,17,44,1
8.94,1,1,0,65,81,68,72,1
6.56,1,1,1,69,72,27,55,0
8.72,2,2,0,95,44,69,73,1
5.57,1,2,1,83,65,18,27,0
9.09,3,1,0,68,82,54,43,1
6.31,0,1,0,76,63,75,85,0
9.14,2,2,1,28,69,57,76,1
5.2,0,3,0,62,79,72,64,0
8.15,3,2,3,20,51,44,66,0
6.58,0,1,0,46,73,69,46,1
7.19,0,1,0,91,46,74,49,1
6.75,1,3,0,53,36,100,55,1
8.34,1,2,0,20,59,71,57,1
5.07,0,2,1,30,66,100,33,0
8.22,1,1,0,59,85,54,60,1
8.41,0,1,0,59,90,56,52,1
9.61,0,2,0,74,79,93,47,1
7.05,2,1,4,61,61,55,100,0
5.65,2,2,0,57,78,46,79,0
8.18,0,2,0,38,60,26,100,1
6.24,1,2,0,65,77,34,75,1
9.33,1,0,0,82,84,37,55,1
5.08,2,1,1,47,43,45,80,0
5.32,0,2,0,76,82,71,75,0
5.39,0,1,0,52,43,58,74,0
6.73,1,1,0,61,76,50,67,1
7.0,1,2,2,41,57,88,100,1
6.01,0,1,0,63,64,44,61,0
9.58,1,2,1,48,63,47,35,1
5.83,0,1,0,94,50,86,58,0
9.14,2,2,0,62,68,47,63,1
7.89,0,2,0,65,53,21,76,1
6.44,0,0,4,60,100,70,17,0
6.8,0,1,0,81,67,61,79,0
7.23,3,1,0,36,87,25,75,1
6.38,0,3,1,70,92,50,53,0
9.45,0,3,0,49,69,36,39,1
5.65,0,2,0,41,67,66,69,0
6.92,0,2,0,56,69,28,54,0
7.61,0,2,0,50,76,61,81,1
8.39,1,4,0,76,47,64,22,1
5.11,0,3,0,87,58,66,56,0
8.73,1,1,0,83,42,46,49,1
8.77,2,1,0,20,96,66,44,1
5.93,0,2,0,100,36,59,66,1
7.69,1,4,5,62,72,46,81,0
7.32,0,1,1,55,50,70,80,0
7.47,3,0,0,40,32,57,72,1
7.04,0,4,0,85,78,67,80,1
9.37,1,2,5,68,71,100,56,0
9.2,1,2,5,75,51,17,67,0
9.48,1,2,0,48,47,61,56,1
9.93,3,4,0,58,71,39,59,1
5.44,2,2,2,100,67,43,100,0
8.22,1,2,0,39,73,90,72,0
5.15,0,0,0,66,70,64,63,0
5.44,0,3,0,41,84,64,55,0
8.87,0,0,0,81,51,61,91,1
7.91,0,2,0,79,67,52,76,1
7.08,0,3,1,65,50,68,70,1
6.86,1,1,0,77,75,41,49,1
7.54,0,2,0,20,67,10,77,0
9.52,0,2,2,78,66,54,38,1
5.04,0,1,0,48,36,85,53,0
5.14,1,3,0,38,69,40,44,0
9.64,1,1,0,87,43,13,37,1
6.21,0,0,0,55,55,69,74,0
9.26,0,3,0,31,40,47,41,1
5.37,0,0,0,53,77,61,42,0
6.16,0,4,0,30,66,43,75,0
6.21,2,3,0,42,72,94,40,1
6.79,0,2,1,29,70,78,78,0
5.05,0,2,1,45,90,81,44,0
8.04,0,3,0,48,74,71,51,1
7.56,0,2,0,43,67,63,35,1
9.43,1,2,0,57,80,54,71,1
5.35,1,1,0,50,49,49,72,0
5.41,1,1,3,57,82,41,68,0
5.37,0,1,0,89,64,37,58,0
9.17,2,2,1,48,72,49,22,0
7.15,1,2,0,61,54,70,52,1
8.45,1,0,0,59,62,40,67,1
6.44,1,2,1,27,68,44,66,0
5.92,1,2,0,44,62,55,73,0
7.94,0,0,0,46,53,56,75,1
8.45,2,0,1,40,68,51,24,1
6.21,1,2,0,68,64,82,28,1
7.38,0,1,1,66,77,75,88,1
7.14,1,1,0,72,43,10,61,1
9.18,0,0,0,58,57,37,69,1
8.44,0,2,0,23,58,59,59,1
6.96,0,0,0,45,59,52,57,0
5.53,0,2,2,63,43,53,25,0
6.35,1,0,0,72,82,10,55,0
7.19,0,1,0,79,80,29,25,1
7.68,0,3,0,65,73,56,62,0
5.79,0,2,4,35,59,98,63,0
8.57,3,3,0,40,42,38,53,1
6.83,2,3,0,20,71,14,61,1
5.46,1,1,0,98,86,40,55,0
8.06,0,1,0,62,55,67,71,1
9.31,0,3,0,100,59,71,44,1
5.09,1,1,0,66,37,76,45,0
6.79,1,1,0,60,75,95,51,1
6.62,2,2,1,65,39,55,35,0
5.8,2,4,0,69,70,52,58,1
5.35,0,1,0,28,68,74,74,0
6.05,3,2,0,72,33,78,85,1
5.41,0,1,0,55,61,52,16,0
9.73,1,2,0,72,100,77,62,1
5.08,1,0,0,44,78,69,61,0
6.09,0,0,0,57,52,78,39,0
8.92,1,0,0,47,61,45,75,1
9.36,2,1,0,88,73,57,46,1
6.31,2,4,0,45,76,71,69,1
8.58,1,1,0,62,52,82,14,1
5.82,0,1,0,62,72,35,62,0
8.86,2,1,0,34,66,67,63,1
5.43,1,1,0,40,82,59,81,0
8.82,2,0,0,57,52,53,75,1
6.64,0,3,0,48,75,57,68,0
5.45,0,3,1,58,61,29,54,0
5.92,0,2,0,66,55,45,32,0
5.68,0,1,1,34,73,30,37,0
8.36,1,1,0,63,60,61,47,1
5.37,1,2,0,71,53,34,76,0
9.29,0,1,0,67,87,86,49,1
6.15,0,3,0,95,40,71,71,0
7.13,0,2,0,32,92,52,36,0
9.0,0,1,0,52,85,56,92,1
8.98,0,1,0,60,53,92,57,1
8.64,0,2,0,92,42,32,39,1
5.66,2,2,0,73,63,54,81,0
7.83,1,1,0,56,55,59,59,0
7.78,1,1,0,56,59,30,77,1
9.16,0,0,0,47,56,40,77,1
5.87,0,2,0,72,67,54,29,0
5.39,0,1,0,45,55,99,43,0
6.5,1,3,0,49,83,48,27,0
7.28,1,4,0,42,60,35,47,1
8.35,2,4,0,47,55,69,40,1
5.26,1,2,0,81,57,35,59,0
9.77,0,1,0,76,54,74,88,1
6.1,0,1,0,52,81,47,86,0
9.88,0,3,0,69,81,25,50,1
7.68,3,2,0,69,74,44,73,1
8.96,2,2,0,62,40,68,47,1
9.17,0,2,0,97,48,60,100,1
9.33,1,3,0,64,51,44,19,1
7.02,1,2,5,47,78,37,35,0
5.14,0,3,0,47,54,44,30,0
8.86,1,1,2,43,58,61,90,1
5.41,1,1,0,61,58,37,83,0
7.69,1,1,0,72,79,55,100,1
9.49,0,1,0,69,86,28,67,1
8.83,0,2,0,68,65,40,56,1
7.84,0,0,2,27,68,29,42,0
9.65,2,1,1,32,57,62,48,1
7.56,0,1,0,84,59,16,26,0
7.91,2,1,1,28,73,36,33,0
6.15,2,2,2,57,59,35,55,0
9.19,1,2,0,62,68,21,25,1
7.88,1,1,0,73,87,100,58,1
8.97,2,3,0,82,59,77,97,1
7.68,1,0,0,45,30,61,77,1
6.48,1,1,0,48,52,73,36,1
8.38,0,0,0,61,68,76,84,1
5.74,1,1,0,40,66,43,54,0
5.59,0,3,0,54,50,51,53,0
7.19,1,2,0,49,48,53,78,1
6.59,0,2,1,88,75,53,66,1
8.01,0,1,0,59,53,88,47,1
5.93,0,1,0,80,89,21,43,0
9.85,0,1,1,66,57,51,60,1
9.93,2,1,0,29,91,47,33,1
5.35,0,0,0,50,67,83,66,0
5.17,2,3,0,49,64,14,83,0
7.02,1,0,0,85,68,80,92,1
6.7,0,1,0,71,67,81,67,0
7.49,1,2,0,39,54,74,55,1
6.87,2,1,0,59,82,43,62,1
7.02,0,4,3,51,77,86,43,1
5.73,1,2,0,76,65,29,87,0
6.47,3,1,0,78,64,86,73,1
5.15,2,3,2,75,72,34,63,0
9.86,0,3,0,38,44,63,50,1
6.49,0,2,0,36,87,68,41,0
5.69,0,1,0,64,90,41,39,0
9.24,2,1,0,47,61,86,28,1
9.24,0,1,0,51,63,41,30,1
7.72,0,1,0,76,57,15,67,0
9.23,3,2,0,76,46,55,60,1
6.65,0,3,1,87,30,57,74,0
7.18,1,0,0,56,51,52,83,0
6.71,2,1,0,66,73,67,58,1
7.36,0,1,0,50,64,38,45,0
7.99,1,4,0,53,46,74,56,1
6.46,1,1,0,74,67,60,78,1
5.43,0,2,0,68,81,59,42,0
9.21,3,1,0,65,67,65,45,1
5.67,1,2,0,69,84,77,40,0
9.67,0,2,0,77,65,28,60,1
8.24,0,2,0,42,59,50,93,1
7.34,0,3,0,60,81,24,74,0
6.41,1,4,1,64,65,35,70,0
6.67,0,2,0,49,74,24,61,0
8.05,0,4,2,65,30,75,56,0
6.39,0,1,2,60,81,70,92,0
7.98,0,1,2,66,62,38,38,0
8.81,1,3,0,55,78,64,75,1
9.59,0,1,1,56,60,80,58,1
7.74,1,3,2,71,82,35,55,0
9.96,1,0,0,87,78,64,88,1
9.71,1,1,0,51,63,78,90,1
8.59,0,0,0,79,72,69,68,1
8.68,0,4,0,47,50,65,79,1
9.85,1,3,0,76,58,70,58,1
8.58,0,2,0,66,61,37,32,1
9.5,0,1,2,53,69,58,60,1
9.13,1,2,0,38,62,44,74,1
7.14,1,1,1,71,66,63,39,1
9.13,0,1,0,86,80,80,40,1
6.11,1,2,0,32,73,32,77,0
6.09,0,1,0,33,65,39,72,0
7.89,3,4,1,49,85,55,50,1
7.79,0,2,0,61,73,45,73,1
7.35,0,1,0,93,81,28,38,1
5.66,0,0,0,73,46,53,45,0
8.96,0,3,0,58,81,79,79,1
6.0,0,3,0,100,59,47,60,1
7.92,0,0,0,37,66,72,59,1
8.21,0,0,0,83,59,71,32,1
6.17,1,2,1,52,79,42,69,0
9.74,0,1,0,44,73,56,63,1
5.1,1,0,0,94,85,36,86,0
9.87,0,2,2,80,82,58,30,1
8.5,3,0,0,62,60,61,40,1
7.29,0,3,0,61,74,54,57,0
8.63,0,2,0,44,57,34,38,1
7.54,0,1,2,41,44,100,37,0
5.95,2,2,0,78,69,27,65,1
8.5,1,1,0,88,38,73,68,1
5.55,1,4,2,52,75,67,66,0
6.25,2,1,0,65,53,37,55,0
9.0,1,1,0,80,59,54,18,1
9.71,0,1,0,61,48,48,54,1
6.37,1,4,0,71,62,49,75,1
5.44,1,4,0,35,64,78,89,0
5.13,1,2,0,47,51,70,85,0
6.48,2,2,0,55,58,53,61,1
5.95,1,1,0,32,35,57,10,0
9.1,1,0,1,78,67,82,69,1
5.84,1,1,0,40,44,64,58,0
7.56,2,1,0,72,47,97,58,1
5.11,0,1,0,74,96,21,71,0
9.15,3,2,0,70,49,41,49,1
7.03,0,3,0,38,45,47,25,1
7.74,1,2,0,82,66,95,72,1
8.73,1,3,0,54,67,88,95,1
9.22,0,1,0,65,69,49,62,1
5.07,1,2,0,51,68,18,62,0
9.29,1,3,0,54,75,73,74,1
6.81,0,4,0,85,68,53,32,1
5.8,1,1,0,22,85,10,53,0
6.34,1,2,0,58,44,58,50,0
7.48,0,3,0,54,79,62,68,1
9.16,1,0,0,85,82,72,75,1
8.83,1,1,2,59,64,44,87,1
5.33,1,4,0,23,66,47,27,0
5.44,1,3,2,50,67,44,63,0
8.9,1,4,0,40,78,49,69,1
9.13,0,2,0,66,75,31,83,1
9.15,0,1,0,34,63,58,41,1
8.01,2,0,1,39,59,43,58,1
9.09,1,1,1,68,76,58,81,1
7.8,0,2,0,29,57,47,44,0
6.91,1,1,0,86,88,52,31,0
5.87,0,2,0,60,68,10,38,0
5.45,2,2,0,40,67,55,57,0
7.92,0,2,0,78,96,70,63,1
9.9,3,2,2,67,74,54,80,1
6.56,0,2,2,48,80,46,55,0
7.39,0,1,1,94,80,64,50,0
7.62,2,2,0,50,69,49,55,1
5.79,2,1,3,34,72,24,57,0
9.24,0,3,0,64,56,31,69,1
5.44,0,0,3,48,72,35,49,0
5.29,1,3,0,49,46,100,48,0
7.77,0,3,0,87,62,57,52,1
8.3,0,1,0,36,79,57,61,1
6.89,0,4,0,54,76,80,46,1
9.51,0,1,1,50,85,41,69,1
7.47,0,1,0,42,57,44,83,0
8.22,2,2,0,68,64,17,97,1
8.29,0,0,0,45,41,19,66,0
6.46,0,0,0,61,55,39,69,0
5.08,1,2,0,67,63,66,15,0
7.98,3,4,1,57,30,46,90,1
7.6,3,1,0,59,64,96,82,1
8.54,0,2,0,73,57,56,74,1
9.63,1,1,0,38,30,38,50,1
5.06,0,1,0,82,94,58,42,0
9.72,0,2,0,57,59,60,21,1
8.75,0,1,0,45,89,49,14,1
9.14,0,1,1,55,81,46,61,1
5.22,0,2,0,68,69,63,45,0
5.56,1,2,0,60,76,55,62,0
7.35,0,2,0,43,63,38,56,0
8.95,2,0,0,74,66,34,64,1
8.27,1,3,0,82,77,25,62,1
7.23,1,2,0,46,46,62,81,1
9.09,0,2,0,65,67,47,86,1
9.03,0,0,0,57,63,54,74,1
8.58,2,0,0,47,74,37,57,1
9.24,0,2,1,83,49,97,74,1
7.81,2,2,2,38,69,60,68,0
9.93,0,1,0,81,72,54,67,1
9.59,1,1,0,74,69,42,44,1
5.68,0,1,0,31,76,30,21,0
8.31,0,1,0,55,41,77,73,1
6.87,1,0,0,69,83,98,50,0
7.83,1,4,0,50,66,75,22,1
7.19,2,1,0,51,30,42,74,1
7.6,1,2,3,62,55,57,62,0
5.81,0,2,0,85,78,87,48,1
5.81,0,3,0,48,75,71,56,0
6.05,0,3,0,40,100,29,47,0
8.59,0,2,1,74,58,47,72,1
7.23,1,1,1,69,99,32,43,0
7.23,2,1,0,84,59,22,48,1
7.98,1,2,0,55,68,46,61,1
5.32,1,2,0,71,62,82,53,0
9.87,2,1,3,67,70,69,71,1
6.16,2,1,0,27,46,28,39,0
5.86,1,3,0,45,57,28,40,0
8.88,0,2,0,69,89,93,55,1
5.63,0,1,0,39,60,16,64,0
6.12,0,2,0,53,62,51,61,0
7.39,0,2,1,37,38,70,55,0
6.24,0,1,0,72,47,49,41,0
6.45,0,0,0,68,79,51,46,0
7.89,1,1,0,67,55,71,42,1
8.16,0,2,1,67,31,50,40,0
5.92,2,0,0,50,72,43,72,0
8.55,1,0,0,64,68,57,49,1
5.54,0,2,0,64,59,60,78,0
5.08,1,2,0,55,84,98,73,0
9.66,1,1,5,44,90,14,84,0
7.41,1,2,1,72,71,37,53,0
7.49,0,0,0,75,79,64,50,1
8.96,0,2,0,77,58,37,92,1
5.61,1,4,0,51,90,32,68,0
9.9,0,2,0,96,82,47,58,1
9.13,0,1,1,35,40,96,48,1
5.11,0,1,0,53,68,59,65,0
7.19,0,4,0,85,71,57,61,1
7.33,1,0,1,49,65,54,73,0
9.28,1,0,0,20,41,42,47,1
6.21,2,0,0,20,86,54,35,0
9.45,0,4,0,31,68,34,43,1
7.77,0,1,1,70,66,73,92,1
5.12,2,2,0,87,87,15,57,0
7.58,0,1,0,65,72,60,75,1
6.11,1,3,0,69,51,42,28,1
9.26,1,2,0,63,72,56,65,1
9.07,0,4,0,82,44,85,64,1
8.02,1,1,0,92,54,66,40,1
8.98,0,2,0,62,68,31,75,1
8.74,0,2,1,45,38,49,49,0
6.8,1,2,1,49,51,13,43,0
9.17,0,3,0,48,75,50,85,1
6.37,0,2,0,82,79,79,70,1
7.94,2,2,0,44,83,65,62,1
9.35,0,1,1,58,75,32,86,1
7.16,1,1,1,42,95,81,54,1
9.43,1,2,1,57,52,95,67,1
6.61,0,2,0,100,72,50,60,0
7.82,1,1,0,63,64,24,57,1
5.2,2,2,0,84,92,63,83,0
9.14,3,2,0,93,65,23,58,1
5.76,1,1,0,100,66,79,38,1
9.29,1,4,2,38,39,43,65,1
5.59,0,2,0,72,47,41,56,0
7.58,2,2,0,48,49,52,39,0
7.57,1,2,1,72,53,59,56,1
6.41,1,1,0,35,51,76,70,0
5.78,1,1,0,58,78,45,50,0
8.81,3,2,1,68,69,69,54,1
8.58,1,4,1,78,33,31,48,1
6.11,1,3,2,45,52,50,43,0
7.89,1,1,0,51,80,50,48,1
7.34,0,1,0,37,68,41,63,0
8.06,0,1,1,49,43,77,45,0
9.25,1,4,0,66,67,56,69,1
5.06,1,1,0,73,62,74,51,0
7.5,0,2,0,47,60,42,50,1
6.31,1,4,0,49,88,72,49,1
7.26,0,2,0,95,67,56,73,1
6.45,0,2,0,20,36,47,96,0
7.54,2,1,0,86,73,75,64,1
8.7,1,1,0,47,69,66,39,1
9.86,2,2,1,54,72,47,65,1
7.79,1,0,0,30,83,68,79,1
5.73,1,1,0,38,49,57,40,0
7.88,1,0,0,88,79,76,74,1
5.47,1,2,5,79,81,77,58,0
8.9,1,0,0,77,76,61,42,1
8.8,0,2,0,65,53,68,47,1
9.5,1,0,0,80,55,88,43,1
9.88,2,1,0,56,58,41,24,1
7.48,1,1,0,62,73,49,62,1
6.62,1,1,0,77,59,30,68,1
9.24,0,1,0,36,50,25,55,1
5.31,0,1,3,84,71,64,78,0
7.02,1,2,0,88,75,74,39,1
8.65,1,3,0,62,62,79,51,1
8.36,0,0,0,67,73,57,28,1
6.41,1,2,0,67,61,68,56,0
7.63,0,2,0,74,54,27,52,1
8.66,0,1,0,84,55,74,80,1
5.71,0,1,0,46,62,70,70,0
5.45,2,4,0,74,72,15,65,0
7.56,0,3,0,68,42,38,65,1
9.53,1,1,0,100,81,78,31,1
5.73,1,0,1,67,52,25,28,0
7.5,1,1,0,70,85,80,67,1
6.88,1,0,0,81,60,90,59,1
7.32,2,1,0,91,56,16,18,1
6.27,1,1,0,78,72,68,73,1
5.61,0,3,1,98,72,73,82,0
6.8,0,1,0,47,61,76,31,0
9.2,0,0,0,60,71,62,51,1
9.5,0,1,0,34,70,61,56,1
8.91,0,1,0,74,71,10,81,1
5.89,2,1,1,76,75,58,68,0
5.84,1,2,0,75,75,44,74,0
6.52,1,1,0,38,60,75,64,1
5.33,0,2,0,43,53,27,48,0
8.64,1,0,0,73,64,75,40,1
6.11,2,1,0,52,55,20,72,0
6.87,1,1,0,42,92,41,53,1
6.12,2,1,0,37,70,10,57,0
6.6,0,2,0,71,81,57,10,0
8.31,2,1,0,55,74,52,74,1
9.4,0,0,0,58,50,66,44,1
6.2,0,2,1,47,65,82,63,0
5.36,0,2,0,30,68,58,56,0
9.51,1,0,0,58,73,46,68,1
9.22,2,1,0,51,61,36,36,1
8.34,0,4,0,99,59,56,54,1
5.7,0,3,0,72,94,72,31,0
5.73,1,0,0,69,80,32,91,0
8.45,1,1,3,58,73,58,81,0
5.27,1,3,1,50,71,29,46,0
7.9,0,2,0,50,60,24,64,1
5.1,1,0,5,70,51,57,36,0
8.83,1,0,1,74,66,54,63,1
8.85,0,2,1,47,78,24,26,1
5.84,0,1,0,61,84,69,37,0
6.6,1,0,0,90,74,100,49,1
5.36,0,2,1,42,66,55,57,0
8.79,0,1,0,52,52,58,48,1
9.14,3,2,1,71,100,79,51,1
5.28,2,0,3,43,82,73,68,0
8.85,1,1,0,49,56,57,53,1
9.42,0,1,0,61,80,74,52,1
5.4,0,2,0,91,88,51,64,0
7.2,0,2,0,72,73,52,71,0
6.08,1,1,1,86,63,57,62,0
5.34,0,4,0,23,78,52,50,0
6.06,0,1,0,68,42,53,74,0
9.64,0,0,0,31,92,77,32,1
9.84,0,3,0,46,53,73,64,1
6.81,2,3,0,68,66,54,64,1
6.51,0,1,0,62,97,44,32,0
9.94,2,1,2,83,46,53,65,1
6.48,0,2,3,72,63,51,63,0
8.22,1,0,5,53,88,39,61,0
9.65,2,1,0,41,84,55,44,1
5.03,0,1,0,27,70,68,50,0
7.48,2,2,0,53,64,80,83,1
7.31,2,1,0,84,62,65,70,1
5.36,0,2,0,59,72,67,97,0
7.31,1,4,0,60,70,40,47,1
7.26,0,1,4,80,76,53,39,0
9.47,0,1,0,83,65,42,34,1
7.64,0,0,1,61,69,56,78,0
5.07,1,1,1,20,70,51,25,0
5.21,3,4,0,39,54,41,57,0
6.86,0,1,3,58,94,69,73,0
6.02,2,1,2,66,62,49,31,0
7.44,1,2,3,47,75,43,52,0
5.9,0,3,0,24,84,50,46,0
9.48,0,1,1,73,74,79,51,1
6.39,0,1,0,80,69,39,58,1
6.54,0,1,0,45,51,70,38,0
6.94,2,1,0,78,40,83,38,1
8.5,0,1,0,40,76,65,71,1
9.87,1,1,0,37,66,16,31,1
5.96,1,1,0,70,84,36,30,0
7.97,0,2,0,52,52,44,34,1
7.53,1,1,2,36,49,74,68,0
8.73,2,2,0,69,74,78,71,1
7.16,0,1,0,72,40,77,37,0
7.1,2,0,1,50,79,33,38,0
9.16,0,2,0,60,64,44,47,1
8.62,1,1,1,46,58,38,55,1
6.86,2,2,0,69,89,80,42,1
8.1,1,2,0,54,76,60,40,1
9.08,0,2,0,51,45,87,77,1
9.94,1,3,0,56,59,56,37,1
7.88,1,4,1,53,53,40,48,1
7.77,0,2,0,58,60,56,75,1
6.27,0,0,1,55,57,54,56,0
7.05,0,1,1,59,66,61,86,0
8.49,2,3,1,25,61,78,100,1
5.93,1,1,0,53,42,62,52,0
6.12,0,2,0,60,69,74,34,0
9.1,0,4,0,82,52,33,68,1
6.32,1,1,0,52,44,16,37,0
8.18,1,1,0,95,47,16,48,1
7.28,1,0,0,55,70,66,46,1
5.96,0,1,1,35,90,67,58,0
6.04,2,4,0,55,48,57,50,1
5.29,0,4,0,20,73,30,49,0
7.19,0,1,0,47,65,40,59,0
5.31,1,2,0,52,68,41,65,0
9.71,1,4,0,46,64,41,61,1
6.29,1,1,1,64,64,38,77,0
6.0,0,1,0,73,76,70,58,0
6.2,1,2,0,31,85,70,68,1
5.01,1,2,0,69,64,35,44,0
7.79,2,2,0,83,87,32,63,1
7.15,0,1,4,65,63,60,49,0
6.37,1,2,1,84,90,53,73,1
5.81,0,2,0,33,72,61,36,0
6.66,1,0,2,60,59,64,100,0
6.93,0,2,2,79,69,56,78,0
8.2,0,0,0,75,72,72,92,1
7.15,0,4,0,66,95,45,64,0
8.68,0,2,0,46,66,97,90,1
8.63,0,3,0,39,70,70,50,1
5.82,1,2,0,39,59,46,35,0
8.82,0,4,0,28,30,26,49,1
7.64,1,2,0,70,89,52,65,1
9.1,1,2,0,26,75,94,35,1
7.29,3,2,0,70,51,54,46,1
7.17,1,1,0,47,44,57,45,1
5.31,0,1,0,24,76,81,51,0
8.1,1,1,0,38,100,76,68,1
8.15,2,0,0,57,63,88,61,1
8.35,0,1,0,32,46,38,63,1
8.3,1,1,0,84,58,61,69,1
8.35,0,1,0,71,83,86,77,1
7.22,1,2,1,77,53,93,45,1
9.74,0,2,0,51,71,35,73,1
7.67,1,2,1,70,47,78,62,1
5.22,1,3,0,33,71,65,50,0
7.65,1,2,0,77,83,49,48,1
5.69,0,0,2,72,56,25,48,0
6.5,1,1,1,61,38,68,59,0
9.68,1,2,1,34,73,61,53,1
6.07,1,1,0,27,68,53,41,0
5.23,0,1,0,68,57,32,54,0
6.49,1,1,0,82,33,56,52,1
5.05,1,2,0,67,33,85,42,0
5.41,1,2,0,90,58,55,82,0
9.58,0,1,0,68,59,66,45,1
9.85,1,2,0,65,75,61,63,1
6.83,1,1,0,32,64,67,57,0
9.71,1,1,1,41,74,54,67,1
7.33,1,0,0,95,50,65,46,1
9.09,0,2,0,52,84,65,61,1
5.06,1,2,0,49,64,48,34,0
7.4,1,3,0,73,71,43,37,0
9.92,0,0,0,38,33,71,62,1
9.25,0,0,0,57,55,49,65,1
6.51,0,2,1,91,44,57,61,0
8.67,1,2,0,63,49,100,31,1
9.47,0,1,0,71,65,28,73,1
8.14,1,2,0,58,61,41,55,1
6.72,2,1,0,35,63,69,55,1
5.47,0,1,0,82,63,44,44,0
6.8,1,2,0,44,69,40,47,1
8.08,1,1,5,44,62,59,40,0
7.86,2,1,0,94,65,74,51,1
7.2,1,2,0,49,30,76,71,1
6.71,3,2,0,49,50,78,55,1
9.26,0,2,0,65,54,63,42,1
9.05,0,2,5,68,74,37,90,0
8.62,1,2,0,62,49,40,32,1
6.91,1,1,0,26,61,10,47,0
5.21,1,3,2,62,45,54,47,0
9.19,0,1,0,60,67,35,43,1
8.78,1,2,0,72,83,56,66,1
6.91,0,2,0,51,58,41,36,0
7.07,1,3,0,40,85,55,53,1
5.22,1,2,0,67,94,80,88,0
6.0,0,1,0,48,84,45,45,0
8.66,0,2,0,75,70,69,58,1
9.96,1,2,0,45,45,20,80,1
9.42,2,2,0,20,55,39,52,1
6.51,1,1,0,51,65,76,60,0
8.5,0,2,1,76,67,36,43,1
8.13,0,1,1,68,61,55,74,0
6.66,0,2,0,100,61,55,40,1
8.71,0,1,0,54,62,57,57,1
7.81,0,2,0,53,52,47,62,1
5.04,2,2,0,43,70,34,62,0
7.84,1,0,0,71,77,60,64,0
6.27,0,1,0,63,58,100,55,0
8.7,0,4,0,60,58,55,22,1
6.2,1,2,0,33,54,66,72,0
5.85,0,0,0,68,65,62,55,0
9.63,0,3,0,58,36,85,38,1
8.03,1,0,0,77,63,86,40,1
6.3,0,1,0,62,100,100,52,1
8.31,1,1,1,47,87,25,61,0
5.95,0,1,0,63,74,57,46,0
7.51,0,1,0,53,63,55,74,1
5.34,0,2,1,78,66,66,38,0
6.45,0,1,2,54,56,92,64,0
9.71,1,2,0,93,57,67,100,1
5.36,0,0,0,81,43,100,73,0
6.39,2,0,2,62,35,86,49,0
7.81,0,1,2,60,82,40,47,0
6.01,1,1,4,34,45,62,59,0
8.54,1,2,1,59,82,68,98,1
9.45,0,1,0,59,42,59,72,1
5.83,2,2,0,68,67,58,44,0
5.05,1,1,0,50,67,55,22,0
6.54,1,3,1,78,65,51,71,1
5.49,0,3,0,46,69,52,37,0
6.8,2,0,0,78,69,94,100,1
9.74,1,3,0,64,62,36,89,1
7.01,0,2,1,43,76,30,42,1
7.03,1,3,4,57,85,69,66,0
8.93,0,1,0,81,78,74,23,1
9.88,0,1,0,53,64,76,48,1
7.47,0,2,0,54,65,13,52,0
8.19,0,0,0,48,67,60,43,0
